Iteration,V1,V2,V3,V4,V5,V6,V7,V8,V9,V10,V11,V12
1,WBGene00000752,WBGene00004323,WBGene00017485,WBGene00001157,WBGene00009629,WBGene00008666,WBGene00015167,WBGene00001481,WBGene00017079,WBGene00000266,0.888636505,0.705356565
2,WBGene00003893,WBGene00004014,WBGene00010877,WBGene00013284,WBGene00012576,WBGene00001175,WBGene00011144,WBGene00008174,WBGene00016947,WBGene00016905,0.895512669,0.551130172
3,WBGene00000609,WBGene00008669,WBGene00017698,WBGene00013391,WBGene00020382,WBGene00000716,WBGene00016192,WBGene00003055,WBGene00003589,WBGene00014012,0.892507874,0.662434098
4,WBGene00022245,WBGene00016084,WBGene00008669,WBGene00019018,WBGene00013694,WBGene00007405,WBGene00009973,WBGene00003835,WBGene00017065,WBGene00022664,0.886164707,0.536495207
5,WBGene00000609,WBGene00009246,WBGene00012802,WBGene00015926,WBGene00010115,WBGene00000984,WBGene00021057,WBGene00021260,WBGene00012277,WBGene00011815,0.913524256,0.496876764
6,WBGene00000609,WBGene00011830,WBGene00023407,WBGene00020510,WBGene00001397,WBGene00016124,WBGene00019864,WBGene00009133,WBGene00015744,WBGene00185048,0.900696594,0.548921474
7,WBGene00000609,WBGene00004237,WBGene00021260,WBGene00002010,WBGene00008174,WBGene00001955,WBGene00017981,WBGene00007128,WBGene00006706,WBGene00009082,0.913225728,0.424432215
8,WBGene00022245,WBGene00007464,WBGene00019477,WBGene00007875,WBGene00003804,WBGene00016905,WBGene00017163,WBGene00019509,WBGene00021044,WBGene00016266,0.896637419,0.486886575
9,WBGene00000609,WBGene00000716,WBGene00022245,WBGene00018990,WBGene00016654,WBGene00008019,WBGene00020149,WBGene00001088,WBGene00018146,WBGene00012241,0.91411496,0.62516597
10,WBGene00003893,WBGene00001387,WBGene00017852,WBGene00003619,WBGene00011201,WBGene00020511,WBGene00010657,WBGene00021419,WBGene00021544,WBGene00003970,0.891298994,0.579542198
11,WBGene00003893,WBGene00004389,WBGene00011979,WBGene00008745,WBGene00013438,WBGene00015965,WBGene00010879,WBGene00013672,WBGene00007583,WBGene00000728,0.873673922,0.453194185
12,WBGene00022245,WBGene00007927,WBGene00008621,WBGene00004031,WBGene00022508,WBGene00005712,WBGene00020392,WBGene00022712,WBGene00013344,WBGene00006447,0.890394087,0.549529852
13,WBGene00000609,WBGene00000716,WBGene00001853,WBGene00013297,WBGene00006863,WBGene00012951,WBGene00000812,WBGene00004243,WBGene00010700,WBGene00020349,0.929614916,0.668314944
14,WBGene00001155,WBGene00002010,WBGene00015650,WBGene00021735,WBGene00019813,WBGene00000840,WBGene00020796,WBGene00007824,WBGene00001558,WBGene00017427,0.899167088,0.426386602
15,WBGene00000609,WBGene00006836,WBGene00007941,WBGene00010174,WBGene00000716,WBGene00000876,WBGene00015357,WBGene00008720,WBGene00017089,WBGene00019522,0.904190139,0.629719716
16,WBGene00000609,WBGene00001157,WBGene00014243,WBGene00011985,WBGene00019294,WBGene00000716,WBGene00013481,WBGene00013080,WBGene00008720,WBGene00015173,0.925489188,0.682617002
17,WBGene00000609,WBGene00000716,WBGene00001155,WBGene00004161,WBGene00021112,WBGene00010370,WBGene00013727,WBGene00017119,WBGene00003731,WBGene00000880,0.877737972,0.609051769
18,WBGene00000609,WBGene00001157,WBGene00000993,WBGene00013268,WBGene00004891,WBGene00019550,WBGene00003619,WBGene00002497,WBGene00016995,WBGene00013595,0.904544761,0.63961255
19,WBGene00000609,WBGene00000716,WBGene00020765,WBGene00013284,WBGene00007277,WBGene00000460,WBGene00012943,WBGene00004121,WBGene00003594,WBGene00017981,0.89994299,0.581079615
20,WBGene00000597,WBGene00001157,WBGene00017749,WBGene00000670,WBGene00001452,WBGene00015167,WBGene00021751,WBGene00017002,WBGene00003902,WBGene00007574,0.909436143,0.57920681
21,WBGene00000609,WBGene00001157,WBGene00000993,WBGene00016722,WBGene00001589,WBGene00020954,WBGene00012390,WBGene00020510,WBGene00008554,WBGene00002250,0.889830586,0.560551281
22,WBGene00000597,WBGene00008669,WBGene00000670,WBGene00013297,WBGene00000931,WBGene00015088,WBGene00003619,WBGene00017015,WBGene00002043,WBGene00008459,0.90162078,0.54075568
23,WBGene00000609,WBGene00004014,WBGene00016961,WBGene00007628,WBGene00011985,WBGene00000368,WBGene00019864,WBGene00022059,WBGene00010922,WBGene00000982,0.899841475,0.545340885
24,WBGene00003893,WBGene00019611,WBGene00001853,WBGene00004749,WBGene00015581,WBGene00020884,WBGene00013509,WBGene00021146,WBGene00009223,WBGene00017916,0.887818089,0.45960451
25,WBGene00003893,WBGene00004908,WBGene00003055,WBGene00002996,WBGene00021247,WBGene00017303,WBGene00001636,WBGene00016019,WBGene00000254,WBGene00013966,0.896590866,0.55623406
26,WBGene00000609,WBGene00000670,WBGene00017184,WBGene00015819,WBGene00003596,WBGene00006434,WBGene00001523,WBGene00021392,WBGene00010272,WBGene00003851,0.914777408,0.624810558
27,WBGene00000609,WBGene00008720,WBGene00008666,WBGene00009629,WBGene00014697,WBGene00013529,WBGene00015403,WBGene00009082,WBGene00013541,WBGene00044251,0.909420067,0.525037276
28,WBGene00000609,WBGene00000716,WBGene00020149,WBGene00003407,WBGene00000993,WBGene00003749,WBGene00013141,WBGene00012452,WBGene00010572,WBGene00012950,0.920717516,0.62368904
29,WBGene00000609,WBGene00000716,WBGene00002253,WBGene00004148,WBGene00008488,WBGene00018740,WBGene00010772,WBGene00007516,WBGene00004803,WBGene00004969,0.913522764,0.631849341
30,WBGene00003893,WBGene00011979,WBGene00017303,WBGene00009082,WBGene00019680,WBGene00019005,WBGene00022853,WBGene00000110,WBGene00018607,WBGene00001461,0.907008857,0.460134468
31,WBGene00000609,WBGene00008666,WBGene00000670,WBGene00019332,WBGene00004213,WBGene00011331,WBGene00013141,WBGene00012444,WBGene00016443,WBGene00013672,0.905504434,0.557487471
32,WBGene00000609,WBGene00000670,WBGene00017184,WBGene00000993,WBGene00002129,WBGene00043060,WBGene00009713,WBGene00012951,WBGene00018259,WBGene00015098,0.924849851,0.5464403
33,WBGene00003893,WBGene00000670,WBGene00019611,WBGene00022200,WBGene00017119,WBGene00043060,WBGene00011805,WBGene00011398,WBGene00021826,WBGene00011636,0.908112368,0.554449745
34,WBGene00000609,WBGene00000716,WBGene00000768,WBGene00013284,WBGene00013549,WBGene00013792,WBGene00015650,WBGene00006603,WBGene00007976,WBGene00018702,0.891650157,0.587140127
35,WBGene00000609,WBGene00000716,WBGene00020149,WBGene00000993,WBGene00004237,WBGene00012476,WBGene00043060,WBGene00006575,WBGene00009456,WBGene00008139,0.920805947,0.592813033
36,WBGene00000752,WBGene00017119,WBGene00019460,WBGene00009013,WBGene00001169,WBGene00021319,WBGene00008951,WBGene00020498,WBGene00004312,WBGene00011688,0.913035304,0.46624534
37,WBGene00004014,WBGene00019611,WBGene00000671,WBGene00004807,WBGene00013227,WBGene00009621,WBGene00001976,WBGene00302978,WBGene00006220,WBGene00044762,0.914622408,0.567970089
38,WBGene00001155,WBGene00007927,WBGene00044493,WBGene00013593,WBGene00021395,WBGene00000498,WBGene00001196,WBGene00013599,WBGene00000609,WBGene00012059,0.890445958,0.527275468
39,WBGene00000609,WBGene00004243,WBGene00000716,WBGene00004014,WBGene00013247,WBGene00013694,WBGene00008062,WBGene00019611,WBGene00000870,WBGene00022246,0.929414506,0.639220186
40,WBGene00001155,WBGene00017852,WBGene00018682,WBGene00004056,WBGene00000175,WBGene00021247,WBGene00015850,WBGene00017005,WBGene00006430,WBGene00011272,0.894343243,0.59008701
41,WBGene00003893,WBGene00022854,WBGene00004248,WBGene00007991,WBGene00007923,WBGene00013006,WBGene00021155,WBGene00017426,WBGene00009165,WBGene00015357,0.894384467,0.471016493
42,WBGene00003893,WBGene00000670,WBGene00000993,WBGene00021247,WBGene00017282,WBGene00000040,WBGene00003596,WBGene00008082,WBGene00023419,WBGene00021564,0.908431392,0.457567186
43,WBGene00022245,WBGene00007780,WBGene00018595,WBGene00009082,WBGene00018892,WBGene00015167,WBGene00000281,WBGene00010638,WBGene00019328,WBGene00020915,0.909844107,0.487772387
44,WBGene00000609,WBGene00000984,WBGene00016722,WBGene00044355,WBGene00019611,WBGene00006769,WBGene00302976,WBGene00022051,WBGene00017119,WBGene00009745,0.927927823,0.513560327
45,WBGene00000609,WBGene00019373,WBGene00000670,WBGene00011830,WBGene00003619,WBGene00000866,WBGene00003374,WBGene00000963,WBGene00020827,WBGene00020090,0.893409677,0.607259044
46,WBGene00003893,WBGene00008669,WBGene00022382,WBGene00020102,WBGene00021559,WBGene00001563,WBGene00002044,WBGene00016714,WBGene00019770,WBGene00019757,0.906479525,0.544619926
47,WBGene00003893,WBGene00002996,WBGene00018593,WBGene00011688,WBGene00003967,WBGene00013947,WBGene00000118,WBGene00012854,WBGene00001510,WBGene00015418,0.89599254,0.449805407
48,WBGene00000609,WBGene00000670,WBGene00022683,WBGene00001853,WBGene00007507,WBGene00007824,WBGene00007508,WBGene00000715,WBGene00007114,WBGene00020047,0.86562908,0.639359549
49,WBGene00003893,WBGene00013958,WBGene00008107,WBGene00013671,WBGene00018974,WBGene00045407,WBGene00006473,WBGene00022045,WBGene00007913,WBGene00019540,0.891211863,0.570719386
50,WBGene00000609,WBGene00000670,WBGene00019813,WBGene00017184,WBGene00013599,WBGene00000113,WBGene00019487,WBGene00006440,WBGene00000147,WBGene00007808,0.92811671,0.514182677
51,WBGene00000609,WBGene00000716,WBGene00004875,WBGene00017065,WBGene00004498,WBGene00013111,WBGene00013378,WBGene00018013,WBGene00010606,WBGene00017089,0.927352119,0.476474777
52,WBGene00022245,WBGene00000670,WBGene00003902,WBGene00004056,WBGene00019611,WBGene00020549,WBGene00010001,WBGene00001527,WBGene00001844,WBGene00012900,0.926146194,0.579084396
53,WBGene00022245,WBGene00000670,WBGene00000170,WBGene00019611,WBGene00010496,WBGene00003589,WBGene00001161,WBGene00043060,WBGene00004333,WBGene00009488,0.90781362,0.679374024
54,WBGene00003893,WBGene00004014,WBGene00022474,WBGene00000236,WBGene00001559,WBGene00000670,WBGene00012983,WBGene00003055,WBGene00008720,WBGene00006923,0.900296463,0.583073212
55,WBGene00000673,WBGene00018037,WBGene00017749,WBGene00021247,WBGene00021368,WBGene00010418,WBGene00004243,WBGene00011283,WBGene00004429,WBGene00019466,0.886338209,0.483644423
56,WBGene00001911,WBGene00008688,WBGene00007941,WBGene00000715,WBGene00003589,WBGene00022508,WBGene00008488,WBGene00013348,WBGene00018853,WBGene00008441,0.890026876,0.451335466
57,WBGene00000609,WBGene00001157,WBGene00000670,WBGene00003589,WBGene00006477,WBGene00010066,WBGene00007628,WBGene00014697,WBGene00007296,WBGene00015025,0.901693119,0.618592115
58,WBGene00000609,WBGene00000984,WBGene00004014,WBGene00001511,WBGene00012900,WBGene00018607,WBGene00000716,WBGene00021146,WBGene00022306,WBGene00011718,0.888918525,0.675183992
59,WBGene00003371,WBGene00004014,WBGene00019611,WBGene00020710,WBGene00003407,WBGene00003902,WBGene00018302,WBGene00010066,WBGene00003621,WBGene00009736,0.89832903,0.664766614
60,WBGene00001155,WBGene00017852,WBGene00000880,WBGene00022475,WBGene00011198,WBGene00007533,WBGene00014098,WBGene00044233,WBGene00002129,WBGene00015451,0.912595542,0.532559888
61,WBGene00000597,WBGene00000670,WBGene00002268,WBGene00003619,WBGene00019877,WBGene00019061,WBGene00010066,WBGene00019164,WBGene00005444,WBGene00004831,0.887481115,0.557125029
62,WBGene00000609,WBGene00000670,WBGene00001511,WBGene00000092,WBGene00009469,WBGene00001452,WBGene00000815,WBGene00018488,WBGene00011804,WBGene00007107,0.900697794,0.533973103
63,WBGene00001155,WBGene00044324,WBGene00015650,WBGene00010990,WBGene00022474,WBGene00012900,WBGene00015780,WBGene00008832,WBGene00001636,WBGene00000170,0.867223987,0.568653336
64,WBGene00000673,WBGene00000670,WBGene00022245,WBGene00011319,WBGene00009082,WBGene00001334,WBGene00003589,WBGene00022460,WBGene00016965,WBGene00021269,0.906152255,0.561662377
65,WBGene00003893,WBGene00021628,WBGene00020510,WBGene00001559,WBGene00022856,WBGene00015780,WBGene00003754,WBGene00004924,WBGene00008229,WBGene00007516,0.901767005,0.485579537
66,WBGene00000609,WBGene00013532,WBGene00020625,WBGene00002007,WBGene00016210,WBGene00014019,WBGene00017829,WBGene00008370,WBGene00020510,WBGene00016905,0.899596145,0.519450475
67,WBGene00003893,WBGene00022854,WBGene00000502,WBGene00019487,WBGene00017119,WBGene00019268,WBGene00000262,WBGene00044609,WBGene00015456,WBGene00017640,0.895080076,0.572829699
68,WBGene00000752,WBGene00007766,WBGene00000670,WBGene00013481,WBGene00008666,WBGene00019332,WBGene00018145,WBGene00020389,WBGene00003482,WBGene00022014,0.908024844,0.55101784
69,WBGene00000609,WBGene00000670,WBGene00016210,WBGene00017852,WBGene00018249,WBGene00019427,WBGene00018991,WBGene00022134,WBGene00010436,WBGene00019061,0.927160195,0.486290962
70,WBGene00003893,WBGene00004014,WBGene00007403,WBGene00016074,WBGene00010066,WBGene00013247,WBGene00018635,WBGene00022072,WBGene00014253,WBGene00045265,0.906297155,0.507454578
71,WBGene00022245,WBGene00017904,WBGene00017344,WBGene00012487,WBGene00009233,WBGene00000993,WBGene00016642,WBGene00022508,WBGene00009082,WBGene00019305,0.874852767,0.575885738
72,WBGene00003893,WBGene00019611,WBGene00020104,WBGene00044493,WBGene00020950,WBGene00004056,WBGene00015541,WBGene00007649,WBGene00001833,WBGene00007059,0.911909842,0.518384596
73,WBGene00000609,WBGene00001157,WBGene00043060,WBGene00007780,WBGene00000444,WBGene00012951,WBGene00016905,WBGene00020901,WBGene00016291,WBGene00012997,0.8989307,0.56890356
74,WBGene00003893,WBGene00019611,WBGene00002253,WBGene00008435,WBGene00003596,WBGene00021522,WBGene00006583,WBGene00021785,WBGene00019993,WBGene00015451,0.909219103,0.551304036
75,WBGene00000609,WBGene00017698,WBGene00000716,WBGene00013481,WBGene00022499,WBGene00043060,WBGene00017751,WBGene00000673,WBGene00022280,WBGene00016745,0.885073917,0.683761196
76,WBGene00000609,WBGene00000670,WBGene00011985,WBGene00007934,WBGene00001511,WBGene00008402,WBGene00000715,WBGene00009165,WBGene00009082,WBGene00018594,0.903248033,0.599135149
77,WBGene00000609,WBGene00000670,WBGene00007913,WBGene00001559,WBGene00012359,WBGene00013141,WBGene00007649,WBGene00008666,WBGene00009654,WBGene00022508,0.87299555,0.652181506
78,WBGene00003893,WBGene00000670,WBGene00000609,WBGene00004243,WBGene00009158,WBGene00003589,WBGene00010793,WBGene00014243,WBGene00000113,WBGene00017065,0.901452775,0.667853451
79,WBGene00011753,WBGene00003589,WBGene00009246,WBGene00021863,WBGene00007091,WBGene00021820,WBGene00020082,WBGene00010922,WBGene00003038,WBGene00007846,0.897993726,0.46922591
80,WBGene00001155,WBGene00017852,WBGene00014697,WBGene00007504,WBGene00001262,WBGene00015899,WBGene00022499,WBGene00045291,WBGene00021626,WBGene00013432,0.894777283,0.508249977
81,WBGene00022245,WBGene00011995,WBGene00003902,WBGene00019813,WBGene00017321,WBGene00022233,WBGene00021909,WBGene00023422,WBGene00019487,WBGene00017077,0.902004356,0.579743261
82,WBGene00003893,WBGene00017717,WBGene00009051,WBGene00000216,WBGene00017127,WBGene00012802,WBGene00000993,WBGene00302964,WBGene00008578,WBGene00020950,0.932846238,0.484317361
83,WBGene00000609,WBGene00000670,WBGene00002497,WBGene00006602,WBGene00021327,WBGene00019813,WBGene00012317,WBGene00003410,WBGene00009218,WBGene00011392,0.881755595,0.619233053
84,WBGene00000597,WBGene00004014,WBGene00013694,WBGene00009013,WBGene00022131,WBGene00000147,WBGene00019365,WBGene00009106,WBGene00001178,WBGene00012897,0.928245594,0.525186786
85,WBGene00003893,WBGene00017852,WBGene00020510,WBGene00018718,WBGene00018405,WBGene00003959,WBGene00019877,WBGene00018657,WBGene00007917,WBGene00015580,0.881858093,0.540193405
86,WBGene00003893,WBGene00008720,WBGene00000175,WBGene00013339,WBGene00012700,WBGene00019245,WBGene00006594,WBGene00018718,WBGene00012900,WBGene00003619,0.885743159,0.534105488
87,WBGene00003893,WBGene00004014,WBGene00019611,WBGene00022056,WBGene00015251,WBGene00016816,WBGene00022508,WBGene00004305,WBGene00015200,WBGene00016452,0.905442184,0.505457494
88,WBGene00000673,WBGene00008621,WBGene00022152,WBGene00008720,WBGene00021556,WBGene00001225,WBGene00013111,WBGene00019946,WBGene00021260,WBGene00020143,0.887041036,0.423780237
89,WBGene00000609,WBGene00019477,WBGene00011527,WBGene00012085,WBGene00021863,WBGene00003851,WBGene00019005,WBGene00000993,WBGene00001836,WBGene00010713,0.908199798,0.554595968
90,WBGene00000609,WBGene00006307,WBGene00001225,WBGene00016103,WBGene00003619,WBGene00013694,WBGene00001564,WBGene00012428,WBGene00021607,WBGene00013339,0.91242537,0.559265869
91,WBGene00022245,WBGene00003902,WBGene00004143,WBGene00006498,WBGene00015203,WBGene00022508,WBGene00016458,WBGene00018403,WBGene00016667,WBGene00044527,0.887509828,0.603908611
92,WBGene00000609,WBGene00001157,WBGene00011095,WBGene00000670,WBGene00011804,WBGene00010541,WBGene00022185,WBGene00022666,WBGene00013875,WBGene00021733,0.883781437,0.599960669
93,WBGene00000609,WBGene00000670,WBGene00006066,WBGene00020601,WBGene00012444,WBGene00001564,WBGene00012487,WBGene00000764,WBGene00013862,WBGene00002048,0.915271167,0.539927824
94,WBGene00003893,WBGene00017852,WBGene00013026,WBGene00000984,WBGene00000752,WBGene00017671,WBGene00000670,WBGene00008666,WBGene00019487,WBGene00043060,0.843619588,0.576103819
95,WBGene00000609,WBGene00020710,WBGene00009246,WBGene00019611,WBGene00005020,WBGene00016210,WBGene00013694,WBGene00019030,WBGene00014028,WBGene00021636,0.911926685,0.491547373
96,WBGene00004243,WBGene00004014,WBGene00016485,WBGene00021443,WBGene00016084,WBGene00003407,WBGene00020511,WBGene00006405,WBGene00007128,WBGene00185001,0.902182918,0.533410687
97,WBGene00000597,WBGene00001157,WBGene00021036,WBGene00007616,WBGene00020530,WBGene00000670,WBGene00000993,WBGene00012890,WBGene00004196,WBGene00013181,0.901416275,0.602045679
98,WBGene00022245,WBGene00003902,WBGene00009508,WBGene00002268,WBGene00019365,WBGene00020389,WBGene00016383,WBGene00017089,WBGene00002278,WBGene00010922,0.913136395,0.552490853
99,WBGene00003893,WBGene00000670,WBGene00000713,WBGene00008720,WBGene00010066,WBGene00009443,WBGene00012487,WBGene00020273,WBGene00008927,WBGene00016500,0.926589673,0.609487611
100,WBGene00000609,WBGene00016194,WBGene00002980,WBGene00001397,WBGene00015200,WBGene00020466,WBGene00006785,WBGene00004119,WBGene00001636,WBGene00004333,0.914612971,0.477954069
101,WBGene00000609,WBGene00000716,WBGene00003931,WBGene00013869,WBGene00015301,WBGene00011066,WBGene00011350,WBGene00009629,WBGene00016965,WBGene00017342,0.91845297,0.586271467
102,WBGene00000597,WBGene00004090,WBGene00007941,WBGene00002253,WBGene00017124,WBGene00000993,WBGene00017892,WBGene00019126,WBGene00003980,WBGene00194852,0.883720879,0.588914539
103,WBGene00000597,WBGene00017698,WBGene00015819,WBGene00000716,WBGene00013284,WBGene00000959,WBGene00003619,WBGene00016289,WBGene00011047,WBGene00001564,0.907028587,0.584472998
104,WBGene00003893,WBGene00017852,WBGene00006066,WBGene00019599,WBGene00021443,WBGene00013668,WBGene00015485,WBGene00019877,WBGene00006498,WBGene00022280,0.910973829,0.442132616
105,WBGene00000609,WBGene00000716,WBGene00004243,WBGene00019162,WBGene00003169,WBGene00020797,WBGene00010732,WBGene00004148,WBGene00022554,WBGene00004109,0.90864325,0.59368484
106,WBGene00000609,WBGene00000670,WBGene00001591,WBGene00000388,WBGene00020895,WBGene00017892,WBGene00000403,WBGene00017782,WBGene00003254,WBGene00003412,0.922212639,0.50390982
107,WBGene00003893,WBGene00017852,WBGene00015167,WBGene00001602,WBGene00008197,WBGene00018967,WBGene00013584,WBGene00021294,WBGene00011116,WBGene00020771,0.891547232,0.524713165
108,WBGene00001155,WBGene00009246,WBGene00011924,WBGene00015185,WBGene00012395,WBGene00007507,WBGene00011059,WBGene00012221,WBGene00018740,WBGene00013151,0.91267363,0.361361383
109,WBGene00003893,WBGene00009082,WBGene00009745,WBGene00017852,WBGene00021247,WBGene00021546,WBGene00017726,WBGene00003047,WBGene00006735,WBGene00020443,0.892826013,0.516895402
110,WBGene00003893,WBGene00016073,WBGene00017358,WBGene00000175,WBGene00010185,WBGene00005444,WBGene00003093,WBGene00022022,WBGene00022188,WBGene00020903,0.901724303,0.553146535
111,WBGene00000597,WBGene00004014,WBGene00014152,WBGene00044251,WBGene00015025,WBGene00000963,WBGene00000670,WBGene00007428,WBGene00011985,WBGene00018964,0.912553989,0.530712727
112,WBGene00022245,WBGene00006863,WBGene00008027,WBGene00000993,WBGene00021661,WBGene00003978,WBGene00011502,WBGene00019656,WBGene00019697,WBGene00013225,0.885175801,0.554289824
113,WBGene00022245,WBGene00003902,WBGene00002129,WBGene00018342,WBGene00000993,WBGene00017733,WBGene00016939,WBGene00020006,WBGene00011010,WBGene00001749,0.908879573,0.558204553
114,WBGene00000609,WBGene00008621,WBGene00007941,WBGene00018611,WBGene00018376,WBGene00019030,WBGene00022852,WBGene00022259,WBGene00007194,WBGene00019018,0.885565894,0.508198008
115,WBGene00000609,WBGene00000670,WBGene00001397,WBGene00009531,WBGene00044355,WBGene00008587,WBGene00000443,WBGene00000715,WBGene00017427,WBGene00007549,0.902445776,0.578136332
116,WBGene00022245,WBGene00007927,WBGene00003589,WBGene00013599,WBGene00001602,WBGene00010066,WBGene00011995,WBGene00022233,WBGene00016767,WBGene00015403,0.91172148,0.54822174
117,WBGene00001155,WBGene00007193,WBGene00002010,WBGene00013323,WBGene00008081,WBGene00009172,WBGene00021765,WBGene00000993,WBGene00017532,WBGene00007824,0.887792734,0.450959236
118,WBGene00004014,WBGene00016485,WBGene00013694,WBGene00014139,WBGene00022499,WBGene00019611,WBGene00012634,WBGene00015232,WBGene00007193,WBGene00011415,0.902630176,0.541486088
119,WBGene00001155,WBGene00000670,WBGene00016391,WBGene00000774,WBGene00003185,WBGene00022508,WBGene00007237,WBGene00017427,WBGene00013334,WBGene00014001,0.890622237,0.420015431
120,WBGene00000609,WBGene00007055,WBGene00000670,WBGene00008720,WBGene00015692,WBGene00014697,WBGene00018615,WBGene00021282,WBGene00012347,WBGene00043060,0.898598584,0.599221888
121,WBGene00000609,WBGene00000670,WBGene00000715,WBGene00001193,WBGene00004323,WBGene00000092,WBGene00001816,WBGene00020102,WBGene00023451,WBGene00000964,0.914748643,0.590858845
122,WBGene00022245,WBGene00021469,WBGene00008197,WBGene00009082,WBGene00000959,WBGene00000075,WBGene00021387,WBGene00002915,WBGene00044072,WBGene00009823,0.903705321,0.576263134
123,WBGene00000609,WBGene00000670,WBGene00021469,WBGene00000793,WBGene00007507,WBGene00015057,WBGene00005648,WBGene00006830,WBGene00015095,WBGene00010850,0.938041898,0.509347748
124,WBGene00000609,WBGene00004243,WBGene00000670,WBGene00020710,WBGene00019332,WBGene00008720,WBGene00018488,WBGene00019780,WBGene00000876,WBGene00004908,0.915787463,0.592747801
125,WBGene00003893,WBGene00022854,WBGene00000670,WBGene00000609,WBGene00001853,WBGene00017659,WBGene00012205,WBGene00016524,WBGene00014697,WBGene00006648,0.893250583,0.596874237
126,WBGene00000597,WBGene00019477,WBGene00045418,WBGene00000940,WBGene00013297,WBGene00000716,WBGene00015391,WBGene00009977,WBGene00008859,WBGene00003825,0.904998903,0.537006738
127,WBGene00003893,WBGene00021628,WBGene00022277,WBGene00007549,WBGene00022854,WBGene00007698,WBGene00002348,WBGene00044638,WBGene00016934,WBGene00013895,0.900061498,0.528292313
128,WBGene00000597,WBGene00045418,WBGene00003589,WBGene00022508,WBGene00019813,WBGene00021551,WBGene00019607,WBGene00011331,WBGene00010041,WBGene00012395,0.899585667,0.600043524
129,WBGene00000597,WBGene00002497,WBGene00015660,WBGene00043060,WBGene00000500,WBGene00013672,WBGene00020884,WBGene00020189,WBGene00019298,WBGene00020771,0.893926144,0.495136556
130,WBGene00000597,WBGene00008720,WBGene00018249,WBGene00007941,WBGene00086551,WBGene00001838,WBGene00001428,WBGene00001161,WBGene00007847,WBGene00014176,0.886970213,0.585188066
131,WBGene00022245,WBGene00000670,WBGene00007617,WBGene00000715,WBGene00015136,WBGene00001511,WBGene00010325,WBGene00004248,WBGene00007971,WBGene00008555,0.905525293,0.544981849
132,WBGene00000609,WBGene00004014,WBGene00000716,WBGene00000984,WBGene00010064,WBGene00000467,WBGene00021856,WBGene00012950,WBGene00019246,WBGene00011331,0.891004944,0.642438116
133,WBGene00000609,WBGene00017986,WBGene00000716,WBGene00008856,WBGene00007026,WBGene00018638,WBGene00004014,WBGene00003068,WBGene00007847,WBGene00008844,0.928461894,0.561737892
134,WBGene00019540,WBGene00004014,WBGene00019611,WBGene00021247,WBGene00014020,WBGene00000870,WBGene00013742,WBGene00019711,WBGene00006814,WBGene00001157,0.90716546,0.508062856
135,WBGene00003893,WBGene00021628,WBGene00021564,WBGene00002129,WBGene00004243,WBGene00008035,WBGene00013462,WBGene00013349,WBGene00015250,WBGene00016073,0.915899077,0.567868088
136,WBGene00001155,WBGene00017852,WBGene00022508,WBGene00009475,WBGene00011979,WBGene00000872,WBGene00003620,WBGene00019724,WBGene00019665,WBGene00003581,0.884401204,0.484317748
137,WBGene00000609,WBGene00019799,WBGene00003387,WBGene00012978,WBGene00018522,WBGene00000670,WBGene00008008,WBGene00003902,WBGene00012652,WBGene00012251,0.886707885,0.708537281
138,WBGene00004014,WBGene00011059,WBGene00021863,WBGene00008666,WBGene00021247,WBGene00000533,WBGene00012274,WBGene00000005,WBGene00019725,WBGene00011122,0.910558901,0.492281524
139,WBGene00000609,WBGene00021048,WBGene00013531,WBGene00012802,WBGene00022087,WBGene00017934,WBGene00013325,WBGene00000257,WBGene00004969,WBGene00011985,0.910926719,0.424796585
140,WBGene00003893,WBGene00021628,WBGene00020510,WBGene00020230,WBGene00019365,WBGene00004085,WBGene00003371,WBGene00000443,WBGene00009803,WBGene00019011,0.90633544,0.537992832
141,WBGene00000609,WBGene00017698,WBGene00000716,WBGene00017874,WBGene00003589,WBGene00003619,WBGene00020200,WBGene00015648,WBGene00001157,WBGene00001208,0.912487063,0.618203872
142,WBGene00000673,WBGene00013893,WBGene00010833,WBGene00006944,WBGene00001325,WBGene00019250,WBGene00016524,WBGene00015580,WBGene00000170,WBGene00003238,0.865262295,0.517510074
143,WBGene00003893,WBGene00022854,WBGene00001833,WBGene00011573,WBGene00015817,WBGene00007145,WBGene00015425,WBGene00003929,WBGene00012356,WBGene00000994,0.892047376,0.485715572
144,WBGene00000609,WBGene00004014,WBGene00001157,WBGene00008666,WBGene00007846,WBGene00001225,WBGene00003410,WBGene00021867,WBGene00002044,WBGene00010259,0.884155587,0.602038648
145,WBGene00003893,WBGene00007964,WBGene00022854,WBGene00013878,WBGene00007848,WBGene00001262,WBGene00017703,WBGene00021419,WBGene00010130,WBGene00020022,0.900756934,0.645781003
146,WBGene00000597,WBGene00009215,WBGene00000670,WBGene00009952,WBGene00006961,WBGene00009711,WBGene00011923,WBGene00013006,WBGene00013792,WBGene00016524,0.927101027,0.482944976
147,WBGene00003893,WBGene00022854,WBGene00001833,WBGene00015817,WBGene00013103,WBGene00012950,WBGene00010080,WBGene00004044,WBGene00009443,WBGene00006836,0.902682776,0.532266012
148,WBGene00000609,WBGene00000716,WBGene00043060,WBGene00012030,WBGene00004823,WBGene00044493,WBGene00019979,WBGene00022056,WBGene00011732,WBGene00004377,0.925045019,0.518053738
149,WBGene00022245,WBGene00004739,WBGene00011579,WBGene00012452,WBGene00011737,WBGene00000670,WBGene00018578,WBGene00004927,WBGene00019365,WBGene00009277,0.902796542,0.425198779
150,WBGene00022245,WBGene00003902,WBGene00019611,WBGene00000533,WBGene00001470,WBGene00013361,WBGene00017177,WBGene00002036,WBGene00012804,WBGene00007564,0.924147608,0.569825747
151,WBGene00022245,WBGene00003902,WBGene00015819,WBGene00008515,WBGene00019611,WBGene00004699,WBGene00015642,WBGene00004380,WBGene00011258,WBGene00022858,0.908070515,0.629780796
152,WBGene00000752,WBGene00003238,WBGene00009559,WBGene00014697,WBGene00000793,WBGene00007142,WBGene00003055,WBGene00016824,WBGene00020149,WBGene00013983,0.910816968,0.526563013
153,WBGene00022245,WBGene00004739,WBGene00004094,WBGene00000984,WBGene00007679,WBGene00011788,WBGene00022057,WBGene00009993,WBGene00017578,WBGene00007592,0.912572727,0.420816724
154,WBGene00000609,WBGene00000716,WBGene00018146,WBGene00013284,WBGene00015899,WBGene00014697,WBGene00009082,WBGene00004986,WBGene00014027,WBGene00000092,0.921939655,0.610371199
155,WBGene00000609,WBGene00020710,WBGene00009246,WBGene00009469,WBGene00003093,WBGene00003185,WBGene00016452,WBGene00019158,WBGene00019724,WBGene00045433,0.889390189,0.643508179
156,WBGene00000752,WBGene00000670,WBGene00004243,WBGene00011392,WBGene00013141,WBGene00009347,WBGene00017487,WBGene00008393,WBGene00011247,WBGene00009595,0.916339747,0.552257417
157,WBGene00003893,WBGene00017119,WBGene00019611,WBGene00019241,WBGene00000982,WBGene00009648,WBGene00001240,WBGene00001089,WBGene00004888,WBGene00011216,0.912408996,0.511134904
158,WBGene00000609,WBGene00000670,WBGene00007824,WBGene00001165,WBGene00016965,WBGene00009475,WBGene00043060,WBGene00002997,WBGene00006988,WBGene00017427,0.924987622,0.561632188
159,WBGene00000609,WBGene00015145,WBGene00022508,WBGene00020135,WBGene00005003,WBGene00021063,WBGene00004506,WBGene00022191,WBGene00008107,WBGene00019427,0.914954319,0.550200873
160,WBGene00000673,WBGene00021443,WBGene00017344,WBGene00010666,WBGene00011924,WBGene00000147,WBGene00043060,WBGene00044924,WBGene00003035,WBGene00021922,0.880592547,0.515171704
161,WBGene00000609,WBGene00000716,WBGene00020369,WBGene00019365,WBGene00022499,WBGene00001193,WBGene00010308,WBGene00014108,WBGene00022166,WBGene00008447,0.908338698,0.578404183
162,WBGene00000609,WBGene00003589,WBGene00007941,WBGene00004178,WBGene00011331,WBGene00013980,WBGene00015167,WBGene00012854,WBGene00043060,WBGene00002062,0.912057016,0.581683004
163,WBGene00003893,WBGene00008224,WBGene00022150,WBGene00000781,WBGene00019683,WBGene00006958,WBGene00006824,WBGene00010924,WBGene00011509,WBGene00016983,0.883952212,0.574091723
164,WBGene00003893,WBGene00007941,WBGene00008720,WBGene00022279,WBGene00044493,WBGene00013325,WBGene00004090,WBGene00021945,WBGene00022854,WBGene00003898,0.883095141,0.572166784
165,WBGene00003893,WBGene00012911,WBGene00020029,WBGene00001558,WBGene00004188,WBGene00001815,WBGene00015357,WBGene00004061,WBGene00001774,WBGene00004195,0.907720005,0.45869914
166,WBGene00000609,WBGene00000716,WBGene00015064,WBGene00019624,WBGene00043060,WBGene00010690,WBGene00016960,WBGene00000294,WBGene00003651,WBGene00045291,0.920869171,0.532390073
167,WBGene00000609,WBGene00000670,WBGene00012592,WBGene00001157,WBGene00006603,WBGene00009082,WBGene00019030,WBGene00003253,WBGene00019365,WBGene00002132,0.913659495,0.570887232
168,WBGene00000609,WBGene00000716,WBGene00016097,WBGene00013481,WBGene00017589,WBGene00004130,WBGene00004986,WBGene00015744,WBGene00017974,WBGene00015301,0.939952609,0.568833927
169,WBGene00000673,WBGene00019380,WBGene00017041,WBGene00008666,WBGene00021247,WBGene00016767,WBGene00006958,WBGene00008123,WBGene00003065,WBGene00001089,0.89493548,0.589908575
170,WBGene00003893,WBGene00004014,WBGene00007529,WBGene00010790,WBGene00003072,WBGene00001638,WBGene00006958,WBGene00008094,WBGene00013792,WBGene00011924,0.902642298,0.459386818
171,WBGene00003893,WBGene00013549,WBGene00003093,WBGene00019683,WBGene00002255,WBGene00015899,WBGene00003038,WBGene00007386,WBGene00012660,WBGene00010204,0.900211368,0.521833763
172,WBGene00003893,WBGene00009787,WBGene00000752,WBGene00000670,WBGene00021945,WBGene00022117,WBGene00008174,WBGene00022515,WBGene00023419,WBGene00013692,0.924726748,0.512668816
173,WBGene00013297,WBGene00006863,WBGene00021628,WBGene00007824,WBGene00044746,WBGene00003907,WBGene00007504,WBGene00015529,WBGene00020950,WBGene00010353,0.895643391,0.519722052
174,WBGene00000609,WBGene00017698,WBGene00015819,WBGene00001602,WBGene00019373,WBGene00009172,WBGene00018488,WBGene00000271,WBGene00008666,WBGene00020884,0.886018448,0.620674303
175,WBGene00000673,WBGene00017749,WBGene00002129,WBGene00019477,WBGene00021443,WBGene00021063,WBGene00004348,WBGene00014139,WBGene00016412,WBGene00017280,0.872843047,0.595991822
176,WBGene00000752,WBGene00002996,WBGene00008666,WBGene00014020,WBGene00013284,WBGene00007193,WBGene00012999,WBGene00019987,WBGene00009944,WBGene00008825,0.870766575,0.62980804
177,WBGene00022245,WBGene00004739,WBGene00012452,WBGene00017717,WBGene00010922,WBGene00009082,WBGene00010709,WBGene00017688,WBGene00002230,WBGene00006385,0.909763427,0.524122311
178,WBGene00022245,WBGene00000767,WBGene00020625,WBGene00022852,WBGene00044251,WBGene00012212,WBGene00004056,WBGene00016034,WBGene00018518,WBGene00000671,0.880305854,0.615679802
179,WBGene00003893,WBGene00000670,WBGene00000713,WBGene00021155,WBGene00010198,WBGene00011224,WBGene00017002,WBGene00020182,WBGene00018637,WBGene00001324,0.902677859,0.51326042
180,WBGene00000609,WBGene00004800,WBGene00000716,WBGene00018341,WBGene00003773,WBGene00013737,WBGene00013111,WBGene00007400,WBGene00015789,WBGene00017426,0.921111766,0.556055871
181,WBGene00003893,WBGene00001744,WBGene00021046,WBGene00015472,WBGene00013694,WBGene00017712,WBGene00044305,WBGene00000732,WBGene00010433,WBGene00015507,0.89469717,0.478737875
182,WBGene00003893,WBGene00009246,WBGene00015450,WBGene00008720,WBGene00004126,WBGene00008666,WBGene00022281,WBGene00012950,WBGene00004297,WBGene00021735,0.879771383,0.609864726
183,WBGene00022245,WBGene00021628,WBGene00007352,WBGene00008139,WBGene00003408,WBGene00019778,WBGene00017142,WBGene00013862,WBGene00020027,WBGene00000670,0.90203665,0.537308999
184,WBGene00000609,WBGene00000670,WBGene00012592,WBGene00004769,WBGene00016294,WBGene00018342,WBGene00012701,WBGene00012435,WBGene00001752,WBGene00018146,0.904094988,0.572999885
185,WBGene00000609,WBGene00000716,WBGene00044204,WBGene00018024,WBGene00004986,WBGene00016004,WBGene00004699,WBGene00001358,WBGene00020604,WBGene00003055,0.922828373,0.575403679
186,WBGene00000609,WBGene00017852,WBGene00016294,WBGene00018342,WBGene00018037,WBGene00008139,WBGene00004386,WBGene00001262,WBGene00011330,WBGene00004773,0.898267752,0.58788262
187,WBGene00001155,WBGene00017852,WBGene00019813,WBGene00000499,WBGene00003412,WBGene00012212,WBGene00003731,WBGene00007549,WBGene00016701,WBGene00018964,0.831133782,0.482146071
188,WBGene00000609,WBGene00020273,WBGene00000993,WBGene00016321,WBGene00007277,WBGene00021785,WBGene00003510,WBGene00003010,WBGene00009404,WBGene00002033,0.892014607,0.565379295
189,WBGene00000609,WBGene00000670,WBGene00022683,WBGene00001591,WBGene00008666,WBGene00019332,WBGene00020392,WBGene00020786,WBGene00008720,WBGene00022508,0.888737927,0.67733421
190,WBGene00003893,WBGene00017071,WBGene00022854,WBGene00022014,WBGene00019599,WBGene00006836,WBGene00002264,WBGene00003130,WBGene00020392,WBGene00019895,0.911635163,0.557062911
191,WBGene00003893,WBGene00004014,WBGene00020950,WBGene00004056,WBGene00021808,WBGene00018334,WBGene00021443,WBGene00015188,WBGene00086566,WBGene00009112,0.903023607,0.571761848
192,WBGene00000609,WBGene00004014,WBGene00004243,WBGene00000716,WBGene00009013,WBGene00020149,WBGene00017169,WBGene00014000,WBGene00000229,WBGene00017077,0.912718503,0.634998007
193,WBGene00000597,WBGene00015853,WBGene00015497,WBGene00022508,WBGene00001936,WBGene00000175,WBGene00015850,WBGene00015819,WBGene00000959,WBGene00007405,0.883778453,0.566720067
194,WBGene00003893,WBGene00008720,WBGene00003851,WBGene00003093,WBGene00000793,WBGene00007277,WBGene00013241,WBGene00009820,WBGene00015357,WBGene00014114,0.898167044,0.544890236
195,WBGene00003893,WBGene00011979,WBGene00002996,WBGene00017659,WBGene00022150,WBGene00021365,WBGene00016575,WBGene00021808,WBGene00020884,WBGene00021123,0.874730078,0.51600122
196,WBGene00022245,WBGene00022508,WBGene00009246,WBGene00022683,WBGene00001564,WBGene00020710,WBGene00006066,WBGene00021607,WBGene00015850,WBGene00016657,0.901697432,0.564828445
197,WBGene00003893,WBGene00009082,WBGene00008720,WBGene00044493,WBGene00019332,WBGene00022508,WBGene00008666,WBGene00007064,WBGene00016964,WBGene00013181,0.904889021,0.557659213
198,WBGene00000609,WBGene00004014,WBGene00000716,WBGene00007824,WBGene00017472,WBGene00020500,WBGene00008959,WBGene00006863,WBGene00004981,WBGene00015819,0.910607013,0.595730264
199,WBGene00000609,WBGene00016458,WBGene00000670,WBGene00013284,WBGene00003638,WBGene00010781,WBGene00007942,WBGene00006596,WBGene00022850,WBGene00044325,0.896510102,0.570357174
200,WBGene00000609,WBGene00013878,WBGene00008971,WBGene00019373,WBGene00003519,WBGene00009440,WBGene00000716,WBGene00001157,WBGene00010354,WBGene00020812,0.915205987,0.588977477
201,WBGene00000609,WBGene00019060,WBGene00008621,WBGene00009246,WBGene00010066,WBGene00011830,WBGene00044296,WBGene00010953,WBGene00007168,WBGene00009329,0.914082527,0.485090768
202,WBGene00003893,WBGene00021628,WBGene00021564,WBGene00013529,WBGene00016629,WBGene00001713,WBGene00001184,WBGene00013202,WBGene00017089,WBGene00016590,0.88056206,0.600567548
203,WBGene00003893,WBGene00022854,WBGene00016074,WBGene00004061,WBGene00013553,WBGene00019294,WBGene00022259,WBGene00013514,WBGene00013880,WBGene00001175,0.911432834,0.505320035
204,WBGene00003893,WBGene00004014,WBGene00007628,WBGene00021975,WBGene00003797,WBGene00006377,WBGene00021649,WBGene00008857,WBGene00006584,WBGene00007193,0.911668581,0.581945544
205,WBGene00000609,WBGene00000670,WBGene00007824,WBGene00012909,WBGene00010560,WBGene00016902,WBGene00000716,WBGene00011258,WBGene00022737,WBGene00008805,0.921893265,0.525302807
206,WBGene00000597,WBGene00010953,WBGene00014697,WBGene00022390,WBGene00015680,WBGene00012802,WBGene00018974,WBGene00022260,WBGene00022505,WBGene00012651,0.908532994,0.493203852
207,WBGene00000609,WBGene00006602,WBGene00019611,WBGene00008666,WBGene00011331,WBGene00015161,WBGene00007917,WBGene00009163,WBGene00021647,WBGene00006918,0.923170409,0.508583459
208,WBGene00022245,WBGene00003902,WBGene00044345,WBGene00004173,WBGene00000670,WBGene00004986,WBGene00001196,WBGene00006568,WBGene00015779,WBGene00009946,0.907938117,0.637897434
209,WBGene00000609,WBGene00004014,WBGene00017344,WBGene00022173,WBGene00015899,WBGene00000716,WBGene00015497,WBGene00008283,WBGene00008094,WBGene00003989,0.92673289,0.61612518
210,WBGene00003893,WBGene00000670,WBGene00000609,WBGene00021073,WBGene00043060,WBGene00007764,WBGene00011270,WBGene00008832,WBGene00044290,WBGene00021482,0.931078585,0.448811756
211,WBGene00003893,WBGene00000962,WBGene00021334,WBGene00015434,WBGene00017659,WBGene00013210,WBGene00000040,WBGene00013204,WBGene00018908,WBGene00008094,0.912183795,0.492417689
212,WBGene00022245,WBGene00016084,WBGene00017659,WBGene00022508,WBGene00000981,WBGene00000929,WBGene00007254,WBGene00022107,WBGene00012212,WBGene00014965,0.902346127,0.523848601
213,WBGene00003893,WBGene00002996,WBGene00005006,WBGene00010953,WBGene00016745,WBGene00022457,WBGene00018238,WBGene00014243,WBGene00000237,WBGene00011252,0.894211964,0.51606055
214,WBGene00003893,WBGene00021628,WBGene00018146,WBGene00000993,WBGene00020625,WBGene00016630,WBGene00011283,WBGene00013969,WBGene00011969,WBGene00013140,0.916243609,0.5724929
215,WBGene00000609,WBGene00019477,WBGene00012592,WBGene00001636,WBGene00019509,WBGene00013151,WBGene00016874,WBGene00006601,WBGene00019164,WBGene00009246,0.892257466,0.582314002
216,WBGene00000609,WBGene00001157,WBGene00000716,WBGene00022185,WBGene00016906,WBGene00010685,WBGene00017015,WBGene00015752,WBGene00021510,WBGene00017304,0.919610316,0.512170091
217,WBGene00001155,WBGene00008666,WBGene00009246,WBGene00000793,WBGene00022499,WBGene00017023,WBGene00000752,WBGene00015759,WBGene00018131,WBGene00007237,0.880136415,0.565496872
218,WBGene00000609,WBGene00000716,WBGene00018146,WBGene00017659,WBGene00021146,WBGene00010989,WBGene00007282,WBGene00004370,WBGene00009048,WBGene00015899,0.897754259,0.631721849
219,WBGene00000609,WBGene00006771,WBGene00043060,WBGene00005020,WBGene00015650,WBGene00020649,WBGene00000418,WBGene00017344,WBGene00016427,WBGene00020301,0.907280099,0.548396576
220,WBGene00003893,WBGene00017852,WBGene00018657,WBGene00006754,WBGene00015357,WBGene00010583,WBGene00019781,WBGene00014012,WBGene00018184,WBGene00000217,0.908576336,0.587675806
221,WBGene00003893,WBGene00004014,WBGene00013006,WBGene00003902,WBGene00021743,WBGene00007756,WBGene00007941,WBGene00020264,WBGene00013593,WBGene00003797,0.899473035,0.588668831
222,WBGene00000609,WBGene00004014,WBGene00017698,WBGene00004749,WBGene00016294,WBGene00007277,WBGene00004729,WBGene00008298,WBGene00021378,WBGene00018599,0.919781295,0.562685797
223,WBGene00000609,WBGene00010066,WBGene00019813,WBGene00008745,WBGene00011742,WBGene00002048,WBGene00011771,WBGene00013514,WBGene00008586,WBGene00012139,0.914712264,0.530012104
224,WBGene00000752,WBGene00001155,WBGene00009246,WBGene00019611,WBGene00007565,WBGene00000170,WBGene00003392,WBGene00018682,WBGene00011522,WBGene00000092,0.890486065,0.556334614
225,WBGene00000609,WBGene00001157,WBGene00012825,WBGene00007941,WBGene00000993,WBGene00185002,WBGene00011221,WBGene00000566,WBGene00002143,WBGene00009476,0.917626058,0.582744213
226,WBGene00022245,WBGene00008666,WBGene00022475,WBGene00022854,WBGene00020530,WBGene00086569,WBGene00022471,WBGene00004241,WBGene00022124,WBGene00009617,0.908546548,0.520358041
227,WBGene00022245,WBGene00000670,WBGene00003902,WBGene00000151,WBGene00018259,WBGene00019611,WBGene00004807,WBGene00012802,WBGene00006769,WBGene00000136,0.895985402,0.644795821
228,WBGene00000609,WBGene00019477,WBGene00000147,WBGene00018037,WBGene00021247,WBGene00019842,WBGene00022802,WBGene00009945,WBGene00007565,WBGene00018293,0.896509583,0.570659299
229,WBGene00000609,WBGene00000716,WBGene00017659,WBGene00018146,WBGene00000371,WBGene00009713,WBGene00013231,WBGene00012167,WBGene00006738,WBGene00020504,0.94794905,0.520854429
230,WBGene00003893,WBGene00010657,WBGene00020149,WBGene00001602,WBGene00008393,WBGene00021561,WBGene00020507,WBGene00020869,WBGene00016073,WBGene00206389,0.897271116,0.534930841
231,WBGene00000609,WBGene00000716,WBGene00016103,WBGene00004801,WBGene00007348,WBGene00013529,WBGene00020258,WBGene00006753,WBGene00021392,WBGene00009323,0.910072224,0.565854478
232,WBGene00001155,WBGene00017852,WBGene00015410,WBGene00015777,WBGene00012395,WBGene00017426,WBGene00021205,WBGene00012950,WBGene00004062,WBGene00007216,0.909144469,0.441051291
233,WBGene00003893,WBGene00022854,WBGene00000502,WBGene00020346,WBGene00018342,WBGene00018974,WBGene00016294,WBGene00001148,WBGene00022554,WBGene00006789,0.905650745,0.514750036
234,WBGene00022245,WBGene00003902,WBGene00008951,WBGene00020633,WBGene00002129,WBGene00009820,WBGene00011203,WBGene00000265,WBGene00018778,WBGene00013297,0.895937249,0.590006154
235,WBGene00000752,WBGene00019611,WBGene00009246,WBGene00004969,WBGene00004699,WBGene00012723,WBGene00013672,WBGene00021943,WBGene00002134,WBGene00008688,0.91441866,0.549375428
236,WBGene00003893,WBGene00017852,WBGene00011411,WBGene00018963,WBGene00017970,WBGene00019813,WBGene00011979,WBGene00016535,WBGene00021359,WBGene00022508,0.906363634,0.571525188
237,WBGene00000609,WBGene00020297,WBGene00008669,WBGene00008239,WBGene00017640,WBGene00007606,WBGene00005023,WBGene00013792,WBGene00003844,WBGene00020797,0.888559731,0.536882886
238,WBGene00003893,WBGene00019373,WBGene00023421,WBGene00021709,WBGene00003749,WBGene00017163,WBGene00003576,WBGene00015561,WBGene00017344,WBGene00021282,0.881261061,0.534627202
239,WBGene00000609,WBGene00020710,WBGene00015819,WBGene00016390,WBGene00018214,WBGene00001481,WBGene00019611,WBGene00302995,WBGene00013694,WBGene00013431,0.893878707,0.592802796
240,WBGene00000673,WBGene00004014,WBGene00020307,WBGene00019813,WBGene00017426,WBGene00011087,WBGene00006593,WBGene00001572,WBGene00022152,WBGene00012700,0.906988823,0.49924829
241,WBGene00003893,WBGene00017303,WBGene00007941,WBGene00019509,WBGene00021564,WBGene00002033,WBGene00010700,WBGene00044072,WBGene00018682,WBGene00009106,0.881085326,0.479490467
242,WBGene00000609,WBGene00009943,WBGene00000670,WBGene00011435,WBGene00077453,WBGene00003593,WBGene00044072,WBGene00019683,WBGene00008062,WBGene00010772,0.899738877,0.583259887
243,WBGene00022245,WBGene00011526,WBGene00004986,WBGene00021595,WBGene00021867,WBGene00006369,WBGene00009823,WBGene00007942,WBGene00010844,WBGene00016934,0.888461105,0.556240998
244,WBGene00000609,WBGene00001157,WBGene00009361,WBGene00007941,WBGene00006383,WBGene00003619,WBGene00007649,WBGene00021247,WBGene00004381,WBGene00008748,0.902821377,0.651016252
245,WBGene00003893,WBGene00004993,WBGene00022854,WBGene00001585,WBGene00007517,WBGene00015167,WBGene00018611,WBGene00006660,WBGene00003014,WBGene00007228,0.916204381,0.510404769
246,WBGene00022245,WBGene00014036,WBGene00007941,WBGene00006062,WBGene00017344,WBGene00007100,WBGene00002213,WBGene00000715,WBGene00018668,WBGene00000768,0.89698404,0.642601343
247,WBGene00000609,WBGene00000670,WBGene00005020,WBGene00007824,WBGene00021051,WBGene00000170,WBGene00009735,WBGene00003728,WBGene00000549,WBGene00003390,0.922465619,0.574225474
248,WBGene00000609,WBGene00007780,WBGene00043060,WBGene00009082,WBGene00001157,WBGene00011289,WBGene00013039,WBGene00008666,WBGene00003055,WBGene00012900,0.905361695,0.676326877
249,WBGene00000609,WBGene00000670,WBGene00001157,WBGene00006561,WBGene00011985,WBGene00000793,WBGene00008720,WBGene00022505,WBGene00009898,WBGene00019489,0.889605183,0.694604255
250,WBGene00000609,WBGene00004014,WBGene00021975,WBGene00019680,WBGene00007277,WBGene00019268,WBGene00017565,WBGene00011932,WBGene00011828,WBGene00006066,0.884169853,0.684096373
251,WBGene00001155,WBGene00007927,WBGene00015965,WBGene00017920,WBGene00020273,WBGene00020082,WBGene00006447,WBGene00012123,WBGene00008345,WBGene00011116,0.890834365,0.453225333
252,WBGene00003893,WBGene00021628,WBGene00016411,WBGene00008720,WBGene00020625,WBGene00011110,WBGene00000837,WBGene00017749,WBGene00009881,WBGene00021057,0.908408419,0.576726741
253,WBGene00022245,WBGene00001251,WBGene00019294,WBGene00077453,WBGene00019611,WBGene00004739,WBGene00010537,WBGene00021043,WBGene00011573,WBGene00008514,0.898683358,0.594388961
254,WBGene00003893,WBGene00016739,WBGene00017280,WBGene00010805,WBGene00016210,WBGene00016791,WBGene00004769,WBGene00008262,WBGene00012358,WBGene00017447,0.909530629,0.487497854
255,WBGene00000609,WBGene00000716,WBGene00021709,WBGene00004949,WBGene00013481,WBGene00012900,WBGene00013131,WBGene00001864,WBGene00004509,WBGene00020865,0.91603078,0.67249312
256,WBGene00022245,WBGene00021469,WBGene00004014,WBGene00000018,WBGene00019611,WBGene00003038,WBGene00007405,WBGene00003134,WBGene00011806,WBGene00020511,0.921554776,0.560327232
257,WBGene00000609,WBGene00001157,WBGene00016123,WBGene00006603,WBGene00000716,WBGene00004986,WBGene00013111,WBGene00012123,WBGene00019683,WBGene00014028,0.893379476,0.656070115
258,WBGene00000752,WBGene00017852,WBGene00000118,WBGene00013308,WBGene00004949,WBGene00012130,WBGene00021818,WBGene00017964,WBGene00000833,WBGene00007024,0.907554629,0.478946999
259,WBGene00000609,WBGene00013727,WBGene00008621,WBGene00010676,WBGene00000163,WBGene00004370,WBGene00014114,WBGene00000768,WBGene00013348,WBGene00000211,0.875964177,0.455349038
260,WBGene00000609,WBGene00000998,WBGene00004243,WBGene00020950,WBGene00002129,WBGene00007943,WBGene00019605,WBGene00014139,WBGene00012674,WBGene00013694,0.901530439,0.54830922
261,WBGene00000609,WBGene00000716,WBGene00009323,WBGene00021648,WBGene00020884,WBGene00012030,WBGene00011985,WBGene00015940,WBGene00015037,WBGene00017874,0.926945066,0.553524776
262,WBGene00004014,WBGene00000609,WBGene00001157,WBGene00016048,WBGene00000716,WBGene00013093,WBGene00018578,WBGene00020865,WBGene00009594,WBGene00020530,0.911707373,0.636694804
263,WBGene00000609,WBGene00008669,WBGene00020273,WBGene00003619,WBGene00000670,WBGene00015357,WBGene00006508,WBGene00001937,WBGene00001480,WBGene00303011,0.884903627,0.670290327
264,WBGene00022245,WBGene00017119,WBGene00002980,WBGene00018060,WBGene00017578,WBGene00002497,WBGene00007193,WBGene00015354,WBGene00000739,WBGene00185089,0.920402524,0.518500455
265,WBGene00003893,WBGene00017852,WBGene00003175,WBGene00011221,WBGene00022014,WBGene00001503,WBGene00003730,WBGene00000253,WBGene00009648,WBGene00019006,0.892089384,0.483816417
266,WBGene00000609,WBGene00020297,WBGene00019268,WBGene00008669,WBGene00006863,WBGene00000716,WBGene00013481,WBGene00045291,WBGene00011095,WBGene00022797,0.902343181,0.568422629
267,WBGene00000609,WBGene00007941,WBGene00010049,WBGene00000670,WBGene00011423,WBGene00000993,WBGene00022134,WBGene00020026,WBGene00019030,WBGene00017442,0.905487161,0.589119628
268,WBGene00003893,WBGene00000175,WBGene00004014,WBGene00007405,WBGene00017062,WBGene00019521,WBGene00013598,WBGene00010793,WBGene00022072,WBGene00002990,0.904412047,0.533142913
269,WBGene00000609,WBGene00000670,WBGene00019332,WBGene00000098,WBGene00009945,WBGene00022117,WBGene00022281,WBGene00008666,WBGene00008236,WBGene00013983,0.912894021,0.591298064
270,WBGene00003893,WBGene00004014,WBGene00019402,WBGene00001175,WBGene00017369,WBGene00016905,WBGene00021564,WBGene00021369,WBGene00003979,WBGene00017062,0.917127956,0.588946523
271,WBGene00003893,WBGene00000670,WBGene00001816,WBGene00009976,WBGene00009367,WBGene00021247,WBGene00003583,WBGene00020717,WBGene00002990,WBGene00016767,0.9113167,0.503457246
272,WBGene00000609,WBGene00000670,WBGene00013297,WBGene00012395,WBGene00012700,WBGene00011331,WBGene00015067,WBGene00044107,WBGene00001559,WBGene00007099,0.892906804,0.646830167
273,WBGene00003893,WBGene00004014,WBGene00001516,WBGene00010077,WBGene00303026,WBGene00004056,WBGene00001602,WBGene00009336,WBGene00011408,WBGene00004020,0.90661607,0.522588165
274,WBGene00000609,WBGene00000998,WBGene00001709,WBGene00008139,WBGene00022474,WBGene00000418,WBGene00005020,WBGene00000780,WBGene00016629,WBGene00007941,0.901917762,0.532847211
275,WBGene00022245,WBGene00003902,WBGene00012543,WBGene00016274,WBGene00018230,WBGene00003991,WBGene00006321,WBGene00006514,WBGene00023405,WBGene00022516,0.898660749,0.559959823
276,WBGene00000609,WBGene00023407,WBGene00009246,WBGene00010749,WBGene00010066,WBGene00003369,WBGene00003604,WBGene00007976,WBGene00016629,WBGene00013292,0.891965928,0.546010892
277,WBGene00000752,WBGene00009361,WBGene00019611,WBGene00014028,WBGene00013446,WBGene00022012,WBGene00021246,WBGene00004945,WBGene00006816,WBGene00009945,0.902390146,0.374253918
278,WBGene00000609,WBGene00004014,WBGene00008666,WBGene00007941,WBGene00018037,WBGene00019778,WBGene00004033,WBGene00008139,WBGene00004005,WBGene00017506,0.892678255,0.637587374
279,WBGene00000609,WBGene00010339,WBGene00004243,WBGene00000716,WBGene00015899,WBGene00011000,WBGene00001589,WBGene00004438,WBGene00013694,WBGene00013593,0.894055003,0.701105908
280,WBGene00003893,WBGene00017852,WBGene00020510,WBGene00011932,WBGene00007193,WBGene00004978,WBGene00001240,WBGene00019167,WBGene00011342,WBGene00003685,0.921911349,0.534877463
281,WBGene00003893,WBGene00019060,WBGene00019611,WBGene00017852,WBGene00009207,WBGene00021200,WBGene00003010,WBGene00011039,WBGene00016131,WBGene00003093,0.8964019,0.671181237
282,WBGene00000609,WBGene00004014,WBGene00008959,WBGene00008666,WBGene00011029,WBGene00001791,WBGene00017163,WBGene00011924,WBGene00013434,WBGene00015161,0.923260641,0.602946146
283,WBGene00003893,WBGene00000670,WBGene00012700,WBGene00018974,WBGene00016816,WBGene00022056,WBGene00000199,WBGene00012854,WBGene00016156,WBGene00004168,0.908632936,0.421901937
284,WBGene00022245,WBGene00012226,WBGene00000670,WBGene00021935,WBGene00014091,WBGene00015389,WBGene00010967,WBGene00002980,WBGene00009082,WBGene00003994,0.897044564,0.59579626
285,WBGene00000609,WBGene00017698,WBGene00000716,WBGene00021247,WBGene00001628,WBGene00013532,WBGene00016844,WBGene00012643,WBGene00008959,WBGene00009834,0.905030036,0.667909521
286,WBGene00000752,WBGene00000984,WBGene00000670,WBGene00003893,WBGene00002070,WBGene00007507,WBGene00017703,WBGene00000461,WBGene00010066,WBGene00001589,0.891874273,0.509541411
287,WBGene00022245,WBGene00003902,WBGene00019813,WBGene00006587,WBGene00008586,WBGene00010066,WBGene00175030,WBGene00011629,WBGene00011859,WBGene00022797,0.906241826,0.522380053
288,WBGene00004014,WBGene00003893,WBGene00012829,WBGene00008803,WBGene00021247,WBGene00020375,WBGene00017782,WBGene00008621,WBGene00022786,WBGene00000254,0.907016181,0.548071002
289,WBGene00003893,WBGene00000670,WBGene00000609,WBGene00013694,WBGene00012700,WBGene00015899,WBGene00018203,WBGene00015125,WBGene00017358,WBGene00018757,0.873067308,0.667101094
290,WBGene00000609,WBGene00000670,WBGene00017184,WBGene00010066,WBGene00007950,WBGene00019780,WBGene00017158,WBGene00007528,WBGene00019305,WBGene00000001,0.928017727,0.519221222
291,WBGene00003893,WBGene00000993,WBGene00013324,WBGene00015819,WBGene00000965,WBGene00020625,WBGene00000248,WBGene00016084,WBGene00000609,WBGene00015793,0.916569511,0.49692557
292,WBGene00022245,WBGene00010690,WBGene00022475,WBGene00015926,WBGene00012825,WBGene00022185,WBGene00013647,WBGene00007277,WBGene00003007,WBGene00012951,0.897085386,0.545399957
293,WBGene00003893,WBGene00020402,WBGene00020149,WBGene00018974,WBGene00007449,WBGene00004736,WBGene00022850,WBGene00015776,WBGene00014226,WBGene00009672,0.920578399,0.366820119
294,WBGene00000609,WBGene00007228,WBGene00018963,WBGene00011924,WBGene00022854,WBGene00010657,WBGene00008666,WBGene00001157,WBGene00003749,WBGene00022672,0.926056892,0.660931107
295,WBGene00000752,WBGene00002497,WBGene00007766,WBGene00000670,WBGene00000067,WBGene00019864,WBGene00011916,WBGene00020307,WBGene00000715,WBGene00017874,0.892146963,0.525858416
296,WBGene00003893,WBGene00017852,WBGene00020510,WBGene00012802,WBGene00019546,WBGene00010440,WBGene00013422,WBGene00012664,WBGene00013080,WBGene00009367,0.903478739,0.583883958
297,WBGene00000609,WBGene00000716,WBGene00044204,WBGene00003055,WBGene00001585,WBGene00014012,WBGene00000728,WBGene00013007,WBGene00003764,WBGene00022361,0.916586442,0.528825695
298,WBGene00003893,WBGene00013407,WBGene00007001,WBGene00006826,WBGene00013339,WBGene00007622,WBGene00009455,WBGene00006307,WBGene00012231,WBGene00013789,0.910505123,0.456517755
299,WBGene00000609,WBGene00000984,WBGene00000716,WBGene00009367,WBGene00000993,WBGene00009441,WBGene00019167,WBGene00008139,WBGene00008720,WBGene00003130,0.915594324,0.605471425
300,WBGene00000609,WBGene00013878,WBGene00016749,WBGene00013284,WBGene00006951,WBGene00003635,WBGene00020510,WBGene00020540,WBGene00004915,WBGene00018184,0.8836218,0.478960922
301,WBGene00003893,WBGene00004014,WBGene00001161,WBGene00007331,WBGene00011412,WBGene00003055,WBGene00019241,WBGene00011978,WBGene00015676,WBGene00019170,0.903386329,0.572955022
302,WBGene00011753,WBGene00020674,WBGene00019611,WBGene00022499,WBGene00021564,WBGene00000222,WBGene00001452,WBGene00009051,WBGene00012005,WBGene00022368,0.913969402,0.444413304
303,WBGene00001793,WBGene00013489,WBGene00000670,WBGene00021863,WBGene00013869,WBGene00007941,WBGene00018974,WBGene00018607,WBGene00001599,WBGene00013221,0.886600564,0.521046664
304,WBGene00000609,WBGene00019477,WBGene00019373,WBGene00022508,WBGene00009542,WBGene00000670,WBGene00021867,WBGene00019987,WBGene00016591,WBGene00017831,0.889642333,0.658711718
305,WBGene00000609,WBGene00017659,WBGene00000716,WBGene00016520,WBGene00019611,WBGene00006863,WBGene00001604,WBGene00016074,WBGene00009158,WBGene00022031,0.912882981,0.695031505
306,WBGene00000609,WBGene00000716,WBGene00016289,WBGene00015899,WBGene00004243,WBGene00022508,WBGene00003887,WBGene00004249,WBGene00016099,WBGene00000937,0.91038019,0.637603587
307,WBGene00022245,WBGene00017852,WBGene00007352,WBGene00019611,WBGene00011924,WBGene00015451,WBGene00011767,WBGene00002980,WBGene00000998,WBGene00012130,0.886163965,0.628483512
308,WBGene00001155,WBGene00044324,WBGene00009011,WBGene00016905,WBGene00004227,WBGene00003369,WBGene00007583,WBGene00017928,WBGene00015185,WBGene00017352,0.91574351,0.437899464
309,WBGene00003893,WBGene00022854,WBGene00009966,WBGene00009172,WBGene00020883,WBGene00000158,WBGene00015095,WBGene00009201,WBGene00011944,WBGene00013540,0.906696145,0.529024917
310,WBGene00000609,WBGene00008669,WBGene00009921,WBGene00000716,WBGene00016590,WBGene00004038,WBGene00016642,WBGene00013593,WBGene00004169,WBGene00018189,0.901610541,0.701212179
311,WBGene00000609,WBGene00001157,WBGene00003738,WBGene00016905,WBGene00045418,WBGene00013599,WBGene00020102,WBGene00013002,WBGene00008669,WBGene00008229,0.891768238,0.642687756
312,WBGene00000609,WBGene00000670,WBGene00021869,WBGene00007507,WBGene00016123,WBGene00015433,WBGene00020500,WBGene00044072,WBGene00018455,WBGene00003374,0.912893612,0.638825329
313,WBGene00000609,WBGene00011830,WBGene00000764,WBGene00012802,WBGene00019683,WBGene00010953,WBGene00020530,WBGene00019847,WBGene00010274,WBGene00019820,0.911500524,0.482117986
314,WBGene00000752,WBGene00000175,WBGene00007744,WBGene00002217,WBGene00009930,WBGene00006769,WBGene00010922,WBGene00010606,WBGene00016263,WBGene00016004,0.907784116,0.384801521
315,WBGene00000609,WBGene00000716,WBGene00004995,WBGene00006410,WBGene00021355,WBGene00001026,WBGene00021709,WBGene00016867,WBGene00004168,WBGene00011441,0.941331909,0.551514454
316,WBGene00003893,WBGene00000670,WBGene00000609,WBGene00001165,WBGene00002071,WBGene00017358,WBGene00016172,WBGene00003736,WBGene00012007,WBGene00003586,0.916433817,0.568297184
317,WBGene00003893,WBGene00013441,WBGene00000993,WBGene00009165,WBGene00008587,WBGene00022490,WBGene00020950,WBGene00003130,WBGene00006951,WBGene00000880,0.900286835,0.465820108
318,WBGene00022245,WBGene00010496,WBGene00003093,WBGene00006836,WBGene00017163,WBGene00016944,WBGene00000833,WBGene00012226,WBGene00014027,WBGene00020386,0.911312017,0.620759696
319,WBGene00000609,WBGene00019060,WBGene00000716,WBGene00013808,WBGene00003010,WBGene00010606,WBGene00001060,WBGene00017065,WBGene00043068,WBGene00005712,0.935261077,0.515308316
320,WBGene00000609,WBGene00000670,WBGene00003407,WBGene00001631,WBGene00009116,WBGene00019813,WBGene00000840,WBGene00013204,WBGene00000875,WBGene00002144,0.924416726,0.521552178
321,WBGene00022245,WBGene00003902,WBGene00019611,WBGene00013694,WBGene00001629,WBGene00004949,WBGene00001527,WBGene00018765,WBGene00006927,WBGene00019064,0.898925456,0.627103956
322,WBGene00000609,WBGene00016178,WBGene00044638,WBGene00003621,WBGene00021661,WBGene00019124,WBGene00000411,WBGene00018657,WBGene00020251,WBGene00008094,0.918426693,0.462195836
323,WBGene00000609,WBGene00001864,WBGene00002253,WBGene00004749,WBGene00004807,WBGene00007193,WBGene00043068,WBGene00019778,WBGene00017044,WBGene00004823,0.910223734,0.607820144
324,WBGene00022245,WBGene00021469,WBGene00004094,WBGene00021856,WBGene00000880,WBGene00009632,WBGene00020950,WBGene00022613,WBGene00008587,WBGene00015466,0.919359277,0.503319017
325,WBGene00003893,WBGene00017852,WBGene00007789,WBGene00011611,WBGene00003387,WBGene00021607,WBGene00001572,WBGene00044604,WBGene00007875,WBGene00017089,0.888891486,0.511887185
326,WBGene00004014,WBGene00003369,WBGene00012700,WBGene00017698,WBGene00021815,WBGene00009267,WBGene00016313,WBGene00009058,WBGene00007963,WBGene00020865,0.919025344,0.493404954
327,WBGene00000752,WBGene00017749,WBGene00001591,WBGene00007228,WBGene00001602,WBGene00016260,WBGene00000833,WBGene00020684,WBGene00020280,WBGene00021765,0.839025248,0.611578071
328,WBGene00022245,WBGene00003902,WBGene00019813,WBGene00003893,WBGene00008729,WBGene00000444,WBGene00018384,WBGene00004894,WBGene00022367,WBGene00010734,0.902224744,0.614111365
329,WBGene00003893,WBGene00019611,WBGene00006958,WBGene00002181,WBGene00003620,WBGene00001240,WBGene00018293,WBGene00011897,WBGene00006801,WBGene00016714,0.927577701,0.476040847
330,WBGene00003893,WBGene00017852,WBGene00016485,WBGene00001598,WBGene00017062,WBGene00023451,WBGene00018269,WBGene00020095,WBGene00007529,WBGene00021205,0.916126106,0.574596203
331,WBGene00000609,WBGene00017698,WBGene00000981,WBGene00006863,WBGene00010657,WBGene00007193,WBGene00015981,WBGene00004986,WBGene00019188,WBGene00010624,0.913434943,0.484261327
332,WBGene00000609,WBGene00020710,WBGene00000670,WBGene00008841,WBGene00000984,WBGene00013790,WBGene00020235,WBGene00007130,WBGene00015899,WBGene00020630,0.906051237,0.589873599
333,WBGene00000609,WBGene00001157,WBGene00000716,WBGene00016103,WBGene00017703,WBGene00022231,WBGene00022281,WBGene00017986,WBGene00018607,WBGene00008019,0.905089157,0.646180399
334,WBGene00000609,WBGene00004014,WBGene00008666,WBGene00019611,WBGene00017698,WBGene00003978,WBGene00185086,WBGene00001503,WBGene00020397,WBGene00012208,0.892054246,0.684630291
335,WBGene00003893,WBGene00013549,WBGene00022854,WBGene00045249,WBGene00002980,WBGene00011819,WBGene00008690,WBGene00022185,WBGene00006660,WBGene00019332,0.890390589,0.533388181
336,WBGene00000752,WBGene00002497,WBGene00019611,WBGene00000715,WBGene00022508,WBGene00019864,WBGene00010796,WBGene00015926,WBGene00020718,WBGene00006489,0.886557405,0.503423413
337,WBGene00003371,WBGene00008720,WBGene00008410,WBGene00008435,WBGene00017352,WBGene00020592,WBGene00018259,WBGene00021730,WBGene00003222,WBGene00020510,0.912180944,0.506193526
338,WBGene00001155,WBGene00017852,WBGene00003111,WBGene00019611,WBGene00011198,WBGene00002025,WBGene00013934,WBGene00010582,WBGene00015357,WBGene00000136,0.899338485,0.551787017
339,WBGene00000609,WBGene00000670,WBGene00000993,WBGene00006733,WBGene00022014,WBGene00006794,WBGene00010666,WBGene00016148,WBGene00004505,WBGene00007226,0.914047617,0.59272052
340,WBGene00022245,WBGene00003902,WBGene00012554,WBGene00003369,WBGene00004807,WBGene00006914,WBGene00022475,WBGene00000781,WBGene00013391,WBGene00013870,0.915911595,0.514080975
341,WBGene00022245,WBGene00003902,WBGene00011066,WBGene00001911,WBGene00000993,WBGene00017981,WBGene00003246,WBGene00003915,WBGene00003485,WBGene00022045,0.89084458,0.653645058
342,WBGene00000609,WBGene00009246,WBGene00020710,WBGene00000112,WBGene00014020,WBGene00008384,WBGene00009207,WBGene00018319,WBGene00018863,WBGene00007507,0.904720732,0.631291663
343,WBGene00003893,WBGene00017119,WBGene00009082,WBGene00019813,WBGene00021765,WBGene00017141,WBGene00013603,WBGene00013151,WBGene00003497,WBGene00003161,0.908360574,0.517277542
344,WBGene00000673,WBGene00017065,WBGene00007628,WBGene00015780,WBGene00017730,WBGene00010496,WBGene00006978,WBGene00001774,WBGene00005712,WBGene00011543,0.897550067,0.478279401
345,WBGene00000609,WBGene00000716,WBGene00022245,WBGene00001853,WBGene00009082,WBGene00011642,WBGene00017329,WBGene00000993,WBGene00016142,WBGene00009783,0.935513848,0.65030868
346,WBGene00000609,WBGene00000040,WBGene00004014,WBGene00020625,WBGene00022232,WBGene00003254,WBGene00014057,WBGene00011292,WBGene00000870,WBGene00302978,0.91741929,0.579023471
347,WBGene00000609,WBGene00004014,WBGene00013151,WBGene00001169,WBGene00019987,WBGene00008729,WBGene00017916,WBGene00044200,WBGene00004831,WBGene00001027,0.922222286,0.491062463
348,WBGene00022245,WBGene00003596,WBGene00009430,WBGene00017119,WBGene00013925,WBGene00021945,WBGene00006786,WBGene00000420,WBGene00015581,WBGene00019636,0.890743657,0.559996498
349,WBGene00000609,WBGene00004014,WBGene00000716,WBGene00013111,WBGene00013255,WBGene00020950,WBGene00043097,WBGene00011615,WBGene00019141,WBGene00008720,0.930573738,0.594394832
350,WBGene00022245,WBGene00003902,WBGene00019611,WBGene00003621,WBGene00020068,WBGene00022646,WBGene00003171,WBGene00013391,WBGene00015184,WBGene00008956,0.900349982,0.653710472
351,WBGene00000752,WBGene00008666,WBGene00012123,WBGene00020510,WBGene00011206,WBGene00044061,WBGene00003616,WBGene00010041,WBGene00019989,WBGene00019365,0.876318148,0.574007784
352,WBGene00000609,WBGene00000670,WBGene00006745,WBGene00019332,WBGene00013694,WBGene00008766,WBGene00010066,WBGene00013111,WBGene00019540,WBGene00011642,0.917998659,0.5153678
353,WBGene00008707,WBGene00007050,WBGene00002980,WBGene00012185,WBGene00000670,WBGene00021607,WBGene00021698,WBGene00018146,WBGene00002999,WBGene00009947,0.910946876,0.429863777
354,WBGene00000609,WBGene00012123,WBGene00019683,WBGene00019245,WBGene00017970,WBGene00008514,WBGene00000800,WBGene00003518,WBGene00011587,WBGene00010593,0.883513508,0.540582291
355,WBGene00003893,WBGene00021628,WBGene00001775,WBGene00002063,WBGene00008388,WBGene00008139,WBGene00006656,WBGene00007764,WBGene00001815,WBGene00021372,0.912832827,0.512835198
356,WBGene00000609,WBGene00001157,WBGene00000993,WBGene00009336,WBGene00002217,WBGene00019611,WBGene00000458,WBGene00014020,WBGene00007766,WBGene00044891,0.901518821,0.646590767
357,WBGene00001155,WBGene00021248,WBGene00010326,WBGene00012185,WBGene00017772,WBGene00002055,WBGene00013254,WBGene00020297,WBGene00012723,WBGene00008430,0.921679403,0.390888936
358,WBGene00003893,WBGene00017852,WBGene00006814,WBGene00017782,WBGene00050914,WBGene00010537,WBGene00013021,WBGene00013671,WBGene00020778,WBGene00012339,0.895687603,0.61635603
359,WBGene00000609,WBGene00000670,WBGene00008720,WBGene00000993,WBGene00003893,WBGene00007824,WBGene00010066,WBGene00043060,WBGene00013682,WBGene00006734,0.929511979,0.619997046
360,WBGene00003893,WBGene00003093,WBGene00022854,WBGene00010051,WBGene00000502,WBGene00001516,WBGene00014253,WBGene00022052,WBGene00002129,WBGene00001976,0.917065341,0.424519983
361,WBGene00003893,WBGene00009082,WBGene00017044,WBGene00012930,WBGene00004077,WBGene00003406,WBGene00022762,WBGene00012354,WBGene00018808,WBGene00006944,0.902820703,0.476496448
362,WBGene00000609,WBGene00000670,WBGene00015650,WBGene00015497,WBGene00011017,WBGene00003060,WBGene00001523,WBGene00004036,WBGene00018703,WBGene00016449,0.926236577,0.521440128
363,WBGene00000609,WBGene00003674,WBGene00009966,WBGene00017065,WBGene00000670,WBGene00002056,WBGene00020068,WBGene00010878,WBGene00019800,WBGene00006958,0.88662025,0.560252895
364,WBGene00022245,WBGene00003902,WBGene00002497,WBGene00000670,WBGene00022646,WBGene00012895,WBGene00004883,WBGene00017988,WBGene00017485,WBGene00003504,0.908636498,0.5887784
365,WBGene00000609,WBGene00000670,WBGene00018146,WBGene00002071,WBGene00000545,WBGene00009259,WBGene00002230,WBGene00003978,WBGene00023419,WBGene00020862,0.914506275,0.580185915
366,WBGene00022245,WBGene00014036,WBGene00018044,WBGene00009082,WBGene00019595,WBGene00022185,WBGene00008094,WBGene00022854,WBGene00018037,WBGene00044894,0.866669613,0.538402048
367,WBGene00022245,WBGene00006331,WBGene00000670,WBGene00015181,WBGene00000880,WBGene00015777,WBGene00011444,WBGene00007287,WBGene00019294,WBGene00019806,0.907847073,0.538954425
368,WBGene00009559,WBGene00015819,WBGene00010496,WBGene00000833,WBGene00015580,WBGene00013349,WBGene00009246,WBGene00003169,WBGene00045291,WBGene00020510,0.900484661,0.420300352
369,WBGene00003893,WBGene00009082,WBGene00003019,WBGene00019611,WBGene00003583,WBGene00009207,WBGene00020726,WBGene00019221,WBGene00004922,WBGene00015381,0.90460411,0.541358746
370,WBGene00000609,WBGene00007964,WBGene00000716,WBGene00001853,WBGene00016937,WBGene00018037,WBGene00004014,WBGene00009574,WBGene00017347,WBGene00016325,0.914093337,0.646099923
371,WBGene00000609,WBGene00019477,WBGene00045418,WBGene00010064,WBGene00021334,WBGene00019979,WBGene00009082,WBGene00006829,WBGene00020195,WBGene00019800,0.899079401,0.549933038
372,WBGene00003893,WBGene00008720,WBGene00013766,WBGene00022508,WBGene00019813,WBGene00003371,WBGene00006517,WBGene00013439,WBGene00015660,WBGene00013221,0.871901488,0.59100239
373,WBGene00003893,WBGene00016390,WBGene00000670,WBGene00000609,WBGene00006476,WBGene00009116,WBGene00022233,WBGene00012005,WBGene00020437,WBGene00013210,0.920322234,0.560554731
374,WBGene00000609,WBGene00001157,WBGene00017782,WBGene00000423,WBGene00015410,WBGene00012370,WBGene00019126,WBGene00003627,WBGene00003989,WBGene00016721,0.914445446,0.459245886
375,WBGene00003893,WBGene00022854,WBGene00015660,WBGene00019683,WBGene00019030,WBGene00012201,WBGene00019003,WBGene00017322,WBGene00003185,WBGene00044891,0.893977239,0.58681391
376,WBGene00000609,WBGene00020149,WBGene00000716,WBGene00008669,WBGene00015350,WBGene00009679,WBGene00019777,WBGene00011291,WBGene00017165,WBGene00008214,0.939253865,0.570410141
377,WBGene00003893,WBGene00004014,WBGene00010230,WBGene00020950,WBGene00012371,WBGene00008720,WBGene00020717,WBGene00021021,WBGene00189958,WBGene00015843,0.916907676,0.604284915
378,WBGene00022245,WBGene00003055,WBGene00009443,WBGene00001660,WBGene00000998,WBGene00018270,WBGene00004181,WBGene00003621,WBGene00010951,WBGene00002123,0.889111551,0.486195637
379,WBGene00000609,WBGene00013694,WBGene00018073,WBGene00008621,WBGene00016294,WBGene00000670,WBGene00015789,WBGene00021738,WBGene00019250,WBGene00012864,0.926527872,0.479359514
380,WBGene00000609,WBGene00020710,WBGene00004014,WBGene00003369,WBGene00000716,WBGene00000993,WBGene00004800,WBGene00009947,WBGene00015621,WBGene00020068,0.903032168,0.688426433
381,WBGene00000609,WBGene00001157,WBGene00011755,WBGene00022854,WBGene00013683,WBGene00007679,WBGene00006359,WBGene00006769,WBGene00000175,WBGene00022134,0.910805389,0.552842238
382,WBGene00022245,WBGene00008666,WBGene00001225,WBGene00018522,WBGene00013407,WBGene00020471,WBGene00002191,WBGene00013383,WBGene00015789,WBGene00010709,0.912506746,0.525095709
383,WBGene00000752,WBGene00000175,WBGene00021247,WBGene00011742,WBGene00014028,WBGene00003576,WBGene00044072,WBGene00010001,WBGene00000545,WBGene00013360,0.892981948,0.469932938
384,WBGene00000609,WBGene00020710,WBGene00002129,WBGene00009440,WBGene00013141,WBGene00001225,WBGene00011849,WBGene00010353,WBGene00016905,WBGene00008692,0.928480397,0.455653645
385,WBGene00022245,WBGene00009361,WBGene00007529,WBGene00012702,WBGene00009082,WBGene00003123,WBGene00019983,WBGene00015196,WBGene00009973,WBGene00019493,0.917988136,0.527604009
386,WBGene00000609,WBGene00004014,WBGene00008666,WBGene00021863,WBGene00000005,WBGene00045291,WBGene00008720,WBGene00004020,WBGene00021975,WBGene00002994,0.904388924,0.597288939
387,WBGene00000609,WBGene00001157,WBGene00000373,WBGene00000214,WBGene00021325,WBGene00015819,WBGene00003010,WBGene00022134,WBGene00005003,WBGene00008974,0.910539177,0.462452381
388,WBGene00003893,WBGene00017119,WBGene00000502,WBGene00006830,WBGene00013599,WBGene00015660,WBGene00016654,WBGene00019334,WBGene00009784,WBGene00009944,0.922150134,0.528229402
389,WBGene00000609,WBGene00000670,WBGene00017184,WBGene00017981,WBGene00007047,WBGene00000993,WBGene00009140,WBGene00016452,WBGene00008859,WBGene00003402,0.903123491,0.591319434
390,WBGene00003893,WBGene00022854,WBGene00009246,WBGene00022150,WBGene00007736,WBGene00013544,WBGene00008140,WBGene00010794,WBGene00011979,WBGene00015350,0.905824366,0.539065229
391,WBGene00000609,WBGene00002980,WBGene00000716,WBGene00013284,WBGene00000512,WBGene00001501,WBGene00016902,WBGene00004093,WBGene00007941,WBGene00008720,0.92263365,0.63307108
392,WBGene00003893,WBGene00021443,WBGene00000175,WBGene00003589,WBGene00021327,WBGene00020135,WBGene00006594,WBGene00003495,WBGene00007580,WBGene00007529,0.900125856,0.514336852
393,WBGene00000609,WBGene00001157,WBGene00008720,WBGene00000716,WBGene00015357,WBGene00017079,WBGene00021247,WBGene00012405,WBGene00007277,WBGene00017163,0.919154262,0.699618546
394,WBGene00000752,WBGene00018073,WBGene00003238,WBGene00007941,WBGene00010701,WBGene00012390,WBGene00017241,WBGene00017344,WBGene00015853,WBGene00007622,0.899245126,0.478920026
395,WBGene00000609,WBGene00000716,WBGene00021709,WBGene00003589,WBGene00015357,WBGene00012900,WBGene00021319,WBGene00021401,WBGene00019678,WBGene00002132,0.926369651,0.602263727
396,WBGene00000609,WBGene00019813,WBGene00004040,WBGene00013284,WBGene00003055,WBGene00018657,WBGene00015145,WBGene00008197,WBGene00022190,WBGene00001814,0.910972091,0.529108996
397,WBGene00000752,WBGene00009246,WBGene00009469,WBGene00018602,WBGene00019139,WBGene00271706,WBGene00018729,WBGene00000175,WBGene00001505,WBGene00007237,0.87134208,0.503470404
398,WBGene00003893,WBGene00004243,WBGene00021443,WBGene00020486,WBGene00009551,WBGene00012390,WBGene00009818,WBGene00012860,WBGene00012478,WBGene00010725,0.902583465,0.575876265
399,WBGene00003369,WBGene00021628,WBGene00016485,WBGene00013407,WBGene00013859,WBGene00017891,WBGene00008094,WBGene00012395,WBGene00006921,WBGene00021193,0.883856934,0.532369432
400,WBGene00000609,WBGene00004014,WBGene00010690,WBGene00021564,WBGene00019427,WBGene00022277,WBGene00006958,WBGene00013870,WBGene00000764,WBGene00006675,0.898665178,0.553546345
401,WBGene00018037,WBGene00020284,WBGene00007277,WBGene00020836,WBGene00022458,WBGene00005003,WBGene00002185,WBGene00007315,WBGene00004095,WBGene00010703,0.89214746,0.425069727
402,WBGene00003893,WBGene00000962,WBGene00020510,WBGene00012700,WBGene00008720,WBGene00022089,WBGene00013672,WBGene00012645,WBGene00002033,WBGene00017703,0.912612069,0.537715357
403,WBGene00000609,WBGene00001157,WBGene00013531,WBGene00000716,WBGene00003978,WBGene00001602,WBGene00008959,WBGene00002999,WBGene00003369,WBGene00000764,0.911260952,0.60552377
404,WBGene00003893,WBGene00017119,WBGene00002996,WBGene00013531,WBGene00018073,WBGene00003410,WBGene00011681,WBGene00014253,WBGene00002185,WBGene00012123,0.913715878,0.415733826
405,WBGene00000609,WBGene00000716,WBGene00010440,WBGene00012167,WBGene00018960,WBGene00013361,WBGene00009246,WBGene00007556,WBGene00020830,WBGene00006732,0.932239181,0.47959122
406,WBGene00003893,WBGene00021628,WBGene00008229,WBGene00020146,WBGene00009135,WBGene00012395,WBGene00012927,WBGene00006929,WBGene00017696,WBGene00013594,0.913329039,0.560115961
407,WBGene00000673,WBGene00001157,WBGene00007780,WBGene00000833,WBGene00017967,WBGene00000444,WBGene00002176,WBGene00022034,WBGene00012780,WBGene00022493,0.88808531,0.563809001
408,WBGene00000609,WBGene00000716,WBGene00021709,WBGene00015561,WBGene00003530,WBGene00019244,WBGene00002056,WBGene00022195,WBGene00008410,WBGene00016260,0.923756806,0.591408413
409,WBGene00000609,WBGene00017698,WBGene00019813,WBGene00016427,WBGene00012592,WBGene00004166,WBGene00001048,WBGene00022694,WBGene00000138,WBGene00003134,0.919808473,0.528432204
410,WBGene00004014,WBGene00000609,WBGene00017687,WBGene00302978,WBGene00001510,WBGene00002217,WBGene00021735,WBGene00022613,WBGene00206487,WBGene00020104,0.897384237,0.563457886
411,WBGene00022245,WBGene00011527,WBGene00002129,WBGene00010922,WBGene00017062,WBGene00015861,WBGene00019220,WBGene00020941,WBGene00021247,WBGene00015310,0.880359392,0.552456573
412,WBGene00003893,WBGene00004014,WBGene00022195,WBGene00007712,WBGene00021538,WBGene00006066,WBGene00001175,WBGene00021765,WBGene00015098,WBGene00016314,0.89459804,0.64582334
413,WBGene00004014,WBGene00003893,WBGene00003821,WBGene00008283,WBGene00009793,WBGene00011739,WBGene00003902,WBGene00020782,WBGene00009052,WBGene00000163,0.893955182,0.636075561
414,WBGene00000609,WBGene00001157,WBGene00000670,WBGene00011830,WBGene00019125,WBGene00021661,WBGene00013319,WBGene00000984,WBGene00019427,WBGene00021443,0.936177453,0.434295405
415,WBGene00003893,WBGene00009215,WBGene00009386,WBGene00009662,WBGene00007277,WBGene00002040,WBGene00015466,WBGene00001753,WBGene00044420,WBGene00019008,0.892109173,0.560060589
416,WBGene00022245,WBGene00016458,WBGene00019813,WBGene00016084,WBGene00017916,WBGene00003695,WBGene00016701,WBGene00001046,WBGene00003060,WBGene00013703,0.914746703,0.589857159
417,WBGene00003893,WBGene00017698,WBGene00021443,WBGene00004498,WBGene00021247,WBGene00017962,WBGene00021704,WBGene00010539,WBGene00006843,WBGene00020029,0.910968695,0.670298297
418,WBGene00000597,WBGene00009246,WBGene00020149,WBGene00019813,WBGene00008666,WBGene00008669,WBGene00023419,WBGene00015580,WBGene00005007,WBGene00021813,0.89880094,0.617288569
419,WBGene00001155,WBGene00017852,WBGene00013531,WBGene00020625,WBGene00015899,WBGene00018189,WBGene00018615,WBGene00010066,WBGene00010772,WBGene00022110,0.87448227,0.489265731
420,WBGene00003893,WBGene00017852,WBGene00022854,WBGene00002980,WBGene00019611,WBGene00009243,WBGene00011095,WBGene00002062,WBGene00019787,WBGene00016453,0.910088753,0.566606195
421,WBGene00000609,WBGene00000670,WBGene00017184,WBGene00014697,WBGene00018483,WBGene00000716,WBGene00013225,WBGene00000761,WBGene00013334,WBGene00008621,0.894093749,0.611078131
422,WBGene00000609,WBGene00000716,WBGene00017698,WBGene00020149,WBGene00013391,WBGene00007403,WBGene00000880,WBGene00003175,WBGene00015357,WBGene00007100,0.88524426,0.707160237
423,WBGene00000609,WBGene00001157,WBGene00000670,WBGene00003589,WBGene00016965,WBGene00020530,WBGene00022292,WBGene00011556,WBGene00022683,WBGene00020149,0.911137005,0.647770608
424,WBGene00000609,WBGene00001157,WBGene00006863,WBGene00004014,WBGene00003572,WBGene00009336,WBGene00006461,WBGene00000813,WBGene00018578,WBGene00003611,0.906928081,0.605113126
425,WBGene00000609,WBGene00004014,WBGene00021863,WBGene00000670,WBGene00007848,WBGene00007395,WBGene00015008,WBGene00012258,WBGene00000148,WBGene00020935,0.902124637,0.596667336
426,WBGene00022245,WBGene00016458,WBGene00009086,WBGene00044324,WBGene00008959,WBGene00009224,WBGene00007956,WBGene00013679,WBGene00022200,WBGene00009679,0.912955635,0.539036971
427,WBGene00022245,WBGene00015145,WBGene00044665,WBGene00001758,WBGene00017358,WBGene00020740,WBGene00009469,WBGene00016957,WBGene00013308,WBGene00006447,0.88327442,0.51571542
428,WBGene00003893,WBGene00022854,WBGene00000670,WBGene00011155,WBGene00020369,WBGene00023068,WBGene00010308,WBGene00012829,WBGene00003844,WBGene00019203,0.916801383,0.54606556
429,WBGene00000609,WBGene00001157,WBGene00019294,WBGene00008720,WBGene00014243,WBGene00000716,WBGene00013481,WBGene00017065,WBGene00007528,WBGene00017069,0.89547109,0.6768437
430,WBGene00018037,WBGene00013878,WBGene00050914,WBGene00006373,WBGene00013103,WBGene00000175,WBGene00017089,WBGene00011348,WBGene00012405,WBGene00016057,0.900409857,0.480948021
431,WBGene00000609,WBGene00015497,WBGene00009944,WBGene00003619,WBGene00021351,WBGene00017124,WBGene00013462,WBGene00011924,WBGene00009443,WBGene00019863,0.879196407,0.628067336
432,WBGene00000609,WBGene00000670,WBGene00012943,WBGene00010066,WBGene00012405,WBGene00021051,WBGene00002040,WBGene00022191,WBGene00011072,WBGene00015249,0.927243123,0.499856065
433,WBGene00003371,WBGene00004014,WBGene00000423,WBGene00020102,WBGene00001591,WBGene00016629,WBGene00011944,WBGene00044891,WBGene00000998,WBGene00017583,0.890843983,0.528036703
434,WBGene00000609,WBGene00010304,WBGene00007848,WBGene00000118,WBGene00021945,WBGene00018146,WBGene00020102,WBGene00043060,WBGene00021370,WBGene00014176,0.926252303,0.592285572
435,WBGene00000609,WBGene00001157,WBGene00000716,WBGene00007070,WBGene00013225,WBGene00016373,WBGene00018249,WBGene00002230,WBGene00022499,WBGene00009551,0.91722154,0.532465471
436,WBGene00003893,WBGene00017852,WBGene00015451,WBGene00000545,WBGene00021555,WBGene00000752,WBGene00017184,WBGene00007429,WBGene00003576,WBGene00021009,0.903829678,0.537549853
437,WBGene00003893,WBGene00012900,WBGene00015251,WBGene00000833,WBGene00008384,WBGene00020540,WBGene00008995,WBGene00021493,WBGene00007145,WBGene00021043,0.899552869,0.46543236
438,WBGene00000597,WBGene00002181,WBGene00002129,WBGene00008669,WBGene00001709,WBGene00010725,WBGene00006863,WBGene00022493,WBGene00003748,WBGene00001564,0.92683876,0.472839747
439,WBGene00022245,WBGene00011526,WBGene00004256,WBGene00022508,WBGene00003916,WBGene00044061,WBGene00016905,WBGene00019629,WBGene00008131,WBGene00015940,0.900400063,0.557274058
440,WBGene00000609,WBGene00000670,WBGene00012339,WBGene00017184,WBGene00000283,WBGene00001516,WBGene00017583,WBGene00000138,WBGene00009082,WBGene00019620,0.875898578,0.559917294
441,WBGene00003371,WBGene00021628,WBGene00007848,WBGene00012212,WBGene00008174,WBGene00002980,WBGene00006672,WBGene00009082,WBGene00019213,WBGene00000169,0.903589167,0.568773213
442,WBGene00003893,WBGene00009246,WBGene00000444,WBGene00008720,WBGene00044493,WBGene00004803,WBGene00009192,WBGene00007331,WBGene00000227,WBGene00009635,0.88537881,0.552837019
443,WBGene00022245,WBGene00003898,WBGene00004014,WBGene00003576,WBGene00003619,WBGene00003825,WBGene00007012,WBGene00006785,WBGene00000237,WBGene00045291,0.884908451,0.633526971
444,WBGene00000609,WBGene00017698,WBGene00000716,WBGene00021247,WBGene00015301,WBGene00004311,WBGene00019683,WBGene00017089,WBGene00003093,WBGene00000914,0.909854712,0.660806613
445,WBGene00000609,WBGene00000670,WBGene00007824,WBGene00017698,WBGene00000993,WBGene00001157,WBGene00021347,WBGene00003766,WBGene00008720,WBGene00005007,0.895446473,0.733988936
446,WBGene00000609,WBGene00017698,WBGene00006584,WBGene00022854,WBGene00017430,WBGene00019487,WBGene00000959,WBGene00021595,WBGene00015251,WBGene00020786,0.904271503,0.605155333
447,WBGene00022245,WBGene00003902,WBGene00000670,WBGene00020866,WBGene00010827,WBGene00015451,WBGene00044891,WBGene00000733,WBGene00022646,WBGene00020869,0.900837347,0.630900786
448,WBGene00000752,WBGene00008666,WBGene00008856,WBGene00001638,WBGene00015850,WBGene00020199,WBGene00044891,WBGene00011353,WBGene00016434,WBGene00001629,0.916997337,0.423058056
449,WBGene00000609,WBGene00017698,WBGene00000716,WBGene00000876,WBGene00015357,WBGene00010704,WBGene00005003,WBGene00008720,WBGene00008919,WBGene00004698,0.913449623,0.606984308
450,WBGene00000609,WBGene00011995,WBGene00000670,WBGene00012592,WBGene00016313,WBGene00008669,WBGene00012854,WBGene00020256,WBGene00013210,WBGene00010036,0.901464761,0.540161033
451,WBGene00000597,WBGene00004014,WBGene00008666,WBGene00022195,WBGene00018777,WBGene00012212,WBGene00019863,WBGene00018740,WBGene00021626,WBGene00001169,0.907997493,0.573071764
452,WBGene00000752,WBGene00000670,WBGene00007428,WBGene00004243,WBGene00021945,WBGene00013869,WBGene00002176,WBGene00020029,WBGene00021476,WBGene00004157,0.911606741,0.607940251
453,WBGene00001155,WBGene00000993,WBGene00019787,WBGene00022508,WBGene00018635,WBGene00016867,WBGene00000609,WBGene00007007,WBGene00020577,WBGene00017778,0.891032646,0.620412324
454,WBGene00022245,WBGene00003619,WBGene00006863,WBGene00002010,WBGene00018189,WBGene00006836,WBGene00008587,WBGene00004388,WBGene00013259,WBGene00017773,0.895604887,0.65994917
455,WBGene00003893,WBGene00022014,WBGene00011932,WBGene00021247,WBGene00018146,WBGene00022471,WBGene00020604,WBGene00001000,WBGene00009787,WBGene00194641,0.910565581,0.507780511
456,WBGene00003893,WBGene00017852,WBGene00000609,WBGene00010953,WBGene00017426,WBGene00002180,WBGene00015167,WBGene00020710,WBGene00019825,WBGene00021923,0.931623205,0.555240008
457,WBGene00003893,WBGene00023421,WBGene00012185,WBGene00011095,WBGene00014139,WBGene00008832,WBGene00011969,WBGene00010480,WBGene00008062,WBGene00007405,0.888170584,0.460225815
458,WBGene00022245,WBGene00011526,WBGene00013236,WBGene00019965,WBGene00017698,WBGene00010953,WBGene00008669,WBGene00008089,WBGene00010139,WBGene00021057,0.898632041,0.454981984
459,WBGene00003893,WBGene00016564,WBGene00017119,WBGene00011198,WBGene00015492,WBGene00013193,WBGene00006567,WBGene00013575,WBGene00003130,WBGene00007362,0.924559907,0.504436974
460,WBGene00022245,WBGene00004014,WBGene00022508,WBGene00013694,WBGene00021469,WBGene00003797,WBGene00013866,WBGene00001488,WBGene00009677,WBGene00021661,0.88263821,0.609330105
461,WBGene00003893,WBGene00022854,WBGene00006929,WBGene00002040,WBGene00004969,WBGene00007780,WBGene00022185,WBGene00017282,WBGene00019332,WBGene00019219,0.881680034,0.526665128
462,WBGene00000609,WBGene00011830,WBGene00007941,WBGene00013880,WBGene00004986,WBGene00009246,WBGene00003756,WBGene00015133,WBGene00303026,WBGene00012880,0.891465033,0.558429131
463,WBGene00003893,WBGene00004389,WBGene00003369,WBGene00021808,WBGene00017888,WBGene00006415,WBGene00021735,WBGene00003922,WBGene00004195,WBGene00007509,0.883009773,0.512664609
464,WBGene00003893,WBGene00012674,WBGene00000670,WBGene00000993,WBGene00019611,WBGene00001844,WBGene00006587,WBGene00016905,WBGene00013339,WBGene00000443,0.906486241,0.516540913
465,WBGene00001155,WBGene00010303,WBGene00015819,WBGene00006568,WBGene00013407,WBGene00016294,WBGene00019513,WBGene00002042,WBGene00011055,WBGene00014014,0.910812218,0.414043288
466,WBGene00000609,WBGene00019060,WBGene00021247,WBGene00009082,WBGene00008745,WBGene00022508,WBGene00008564,WBGene00013983,WBGene00018756,WBGene00016449,0.901164512,0.583770882
467,WBGene00000609,WBGene00002010,WBGene00009542,WBGene00000522,WBGene00020895,WBGene00016867,WBGene00011605,WBGene00019727,WBGene00014165,WBGene00002273,0.895613313,0.465091035
468,WBGene00003893,WBGene00019611,WBGene00018718,WBGene00021155,WBGene00013268,WBGene00012700,WBGene00000670,WBGene00004306,WBGene00010141,WBGene00013347,0.90683365,0.509445681
469,WBGene00003893,WBGene00021443,WBGene00022099,WBGene00013292,WBGene00009082,WBGene00011435,WBGene00002174,WBGene00003517,WBGene00008173,WBGene00022190,0.899612457,0.534787826
470,WBGene00000609,WBGene00000670,WBGene00012592,WBGene00001406,WBGene00001936,WBGene00004461,WBGene00007428,WBGene00003915,WBGene00021329,WBGene00021051,0.896779785,0.673149158
471,WBGene00000609,WBGene00000670,WBGene00017184,WBGene00020139,WBGene00009976,WBGene00017344,WBGene00021247,WBGene00017892,WBGene00044063,WBGene00044452,0.934663799,0.526565235
472,WBGene00003893,WBGene00022854,WBGene00000502,WBGene00019030,WBGene00020135,WBGene00020710,WBGene00007628,WBGene00001179,WBGene00000652,WBGene00013983,0.879782501,0.614559863
473,WBGene00000597,WBGene00004014,WBGene00013694,WBGene00004243,WBGene00022167,WBGene00013181,WBGene00021815,WBGene00020740,WBGene00019869,WBGene00022817,0.898681721,0.490181998
474,WBGene00000609,WBGene00008669,WBGene00021425,WBGene00006584,WBGene00004986,WBGene00009430,WBGene00019965,WBGene00003566,WBGene00017874,WBGene00021698,0.903753578,0.574393829
475,WBGene00000609,WBGene00000716,WBGene00019492,WBGene00002217,WBGene00017671,WBGene00019162,WBGene00000217,WBGene00019100,WBGene00022854,WBGene00001844,0.909886921,0.53844321
476,WBGene00003893,WBGene00022854,WBGene00001833,WBGene00020955,WBGene00013898,WBGene00007941,WBGene00014108,WBGene00019427,WBGene00009475,WBGene00021644,0.913332317,0.5504454
477,WBGene00001155,WBGene00000670,WBGene00000713,WBGene00044001,WBGene00006824,WBGene00012395,WBGene00013224,WBGene00007109,WBGene00012128,WBGene00013964,0.911832008,0.517356667
478,WBGene00000673,WBGene00008197,WBGene00008720,WBGene00017565,WBGene00012606,WBGene00000215,WBGene00001366,WBGene00020823,WBGene00020025,WBGene00010470,0.893782723,0.415849835
479,WBGene00000752,WBGene00008666,WBGene00001591,WBGene00020510,WBGene00010041,WBGene00018189,WBGene00017124,WBGene00011742,WBGene00001863,WBGene00020446,0.902256723,0.466587722
480,WBGene00000597,WBGene00020530,WBGene00009246,WBGene00003978,WBGene00021607,WBGene00007576,WBGene00018071,WBGene00019102,WBGene00013994,WBGene00017726,0.882723985,0.623863285
481,WBGene00000609,WBGene00001225,WBGene00017874,WBGene00000670,WBGene00017979,WBGene00016678,WBGene00003678,WBGene00021765,WBGene00021247,WBGene00007606,0.897833574,0.580182711
482,WBGene00000609,WBGene00000670,WBGene00012592,WBGene00004949,WBGene00021282,WBGene00015949,WBGene00022185,WBGene00022054,WBGene00019957,WBGene00021392,0.892962668,0.659521998
483,WBGene00000609,WBGene00001157,WBGene00012951,WBGene00021856,WBGene00044251,WBGene00000993,WBGene00013738,WBGene00002996,WBGene00002214,WBGene00007348,0.940511773,0.564213668
484,WBGene00000752,WBGene00000175,WBGene00021443,WBGene00009139,WBGene00003893,WBGene00013862,WBGene00003797,WBGene00012802,WBGene00007941,WBGene00011823,0.885735517,0.509492584
485,WBGene00000597,WBGene00009246,WBGene00001055,WBGene00000670,WBGene00021607,WBGene00017904,WBGene00000458,WBGene00001372,WBGene00021827,WBGene00010281,0.895931101,0.583693097
486,WBGene00000609,WBGene00004014,WBGene00000716,WBGene00022245,WBGene00000870,WBGene00012664,WBGene00019611,WBGene00021867,WBGene00021902,WBGene00007826,0.90700678,0.680856619
487,WBGene00003893,WBGene00016194,WBGene00002980,WBGene00019611,WBGene00019787,WBGene00022854,WBGene00015104,WBGene00019294,WBGene00012543,WBGene00001262,0.899748146,0.643094305
488,WBGene00022245,WBGene00004014,WBGene00003902,WBGene00019813,WBGene00016874,WBGene00018900,WBGene00013694,WBGene00013080,WBGene00007193,WBGene00016677,0.893705215,0.618312527
489,WBGene00003893,WBGene00004014,WBGene00019611,WBGene00015232,WBGene00017916,WBGene00044296,WBGene00008587,WBGene00016195,WBGene00006827,WBGene00013080,0.91847083,0.542054716
490,WBGene00003893,WBGene00017717,WBGene00011066,WBGene00011059,WBGene00020230,WBGene00011155,WBGene00020095,WBGene00001774,WBGene00000421,WBGene00021200,0.911959078,0.512139705
491,WBGene00003893,WBGene00021443,WBGene00000993,WBGene00010308,WBGene00016084,WBGene00008233,WBGene00021815,WBGene00016965,WBGene00006369,WBGene00022812,0.902100995,0.503561426
492,WBGene00000673,WBGene00023407,WBGene00013893,WBGene00019509,WBGene00020530,WBGene00017163,WBGene00022150,WBGene00007577,WBGene00022361,WBGene00006963,0.900505473,0.463673413
493,WBGene00003893,WBGene00022854,WBGene00000502,WBGene00012113,WBGene00012201,WBGene00044452,WBGene00045407,WBGene00001791,WBGene00012212,WBGene00003079,0.88719191,0.590037849
494,WBGene00003893,WBGene00002996,WBGene00022508,WBGene00021155,WBGene00011979,WBGene00012854,WBGene00011935,WBGene00003797,WBGene00003014,WBGene00004157,0.894877257,0.462379669
495,WBGene00000609,WBGene00004014,WBGene00000716,WBGene00008218,WBGene00011576,WBGene00016123,WBGene00016797,WBGene00021387,WBGene00012900,WBGene00004040,0.929718731,0.611810425
496,WBGene00000597,WBGene00010230,WBGene00009082,WBGene00009106,WBGene00017993,WBGene00003597,WBGene00021765,WBGene00012562,WBGene00003519,WBGene00012390,0.917581081,0.418603687
497,WBGene00000609,WBGene00017874,WBGene00001591,WBGene00021626,WBGene00001589,WBGene00015949,WBGene00018998,WBGene00016964,WBGene00009098,WBGene00018037,0.904355094,0.48224299
498,WBGene00000609,WBGene00004014,WBGene00000716,WBGene00014000,WBGene00016893,WBGene00017427,WBGene00013141,WBGene00017435,WBGene00006386,WBGene00007533,0.918935049,0.582791596
499,WBGene00022245,WBGene00003902,WBGene00000993,WBGene00006733,WBGene00009455,WBGene00017065,WBGene00021640,WBGene00000670,WBGene00004190,WBGene00004917,0.910692798,0.505973294
500,WBGene00000609,WBGene00000716,WBGene00001169,WBGene00001591,WBGene00010772,WBGene00004023,WBGene00011564,WBGene00009106,WBGene00009145,WBGene00000150,0.91988689,0.513056304